zone	rep	sp	biom
Lam	1	Lralis	0,1
Lam	1	Nlap	2,71
Lam	1	Nlap	3,48
Lam	1	Nlap	4,46
Lam	1	Nlap	7,16
Lam	1	Patsp	0,18
Lam	1	Patsp	0,22
Lam	1	Patsp	4,05
Lam	2	Gcin	0,27
Lam	2	Gumb	0,67
Lam	2	Gumb	0,8
Lam	2	Gumb	1,13
Lam	2	Gumb	1,15
Lam	2	Nlap	2,22
Lam	2	Nlap	3,71
Lam	2	Nlap	3,82
Lam	2	Nlap	3,82
Lam	2	Nlap	3,93
Lam	2	Nlap	4,23
Lam	2	Nlap	4,37
Lam	2	Nlap	5,16
Lam	2	Nlap	5,58
Lam	2	Nlap	5,83
Lam	2	Nlap	6,78
Lam	2	Patsp	0,07
Lam	2	Patsp	0,21
Lam	2	Patsp	0,56
Lam	2	Patsp	0,74
Lam	2	Patsp	0,96
Lam	2	Patsp	1,33
Lam	2	Patsp	2,6
Lam	2	Patsp	8,85
Lam	3	Gumb	1,39
Lam	3	Gumb	1,57
Lam	3	Patsp	0,45
Lam	3	Patsp	0,57
Lam	3	Patsp	1,18
Lam	3	Patsp	4,08
Lam	3	Patsp	13,51
Lam	3	Patsp	15,99
Lam	4	Gumb	0,13
Lam	4	Gumb	0,14
Lam	4	Gumb	0,4
Lam	4	Gumb	0,61
Lam	4	Gumb	0,64
Lam	4	Gumb	0,64
Lam	4	Gumb	0,67
Lam	4	Gumb	0,69
Lam	4	Gumb	0,72
Lam	4	Gumb	0,74
Lam	4	Gumb	0,75
Lam	4	Gumb	0,75
Lam	4	Gumb	0,75
Lam	4	Gumb	0,75
Lam	4	Gumb	0,76
Lam	4	Gumb	0,76
Lam	4	Gumb	0,81
Lam	4	Gumb	0,81
Lam	4	Gumb	0,81
Lam	4	Gumb	0,84
Lam	4	Gumb	0,84
Lam	4	Gumb	0,85
Lam	4	Gumb	0,86
Lam	4	Gumb	0,87
Lam	4	Gumb	0,88
Lam	4	Gumb	0,89
Lam	4	Gumb	0,9
Lam	4	Gumb	0,9
Lam	4	Gumb	0,91
Lam	4	Gumb	0,91
Lam	4	Gumb	0,92
Lam	4	Gumb	0,92
Lam	4	Gumb	0,94
Lam	4	Gumb	0,95
Lam	4	Gumb	0,96
Lam	4	Gumb	1
Lam	4	Gumb	1,05
Lam	4	Gumb	1,07
Lam	4	Gumb	1,1
Lam	4	Gumb	1,1
Lam	4	Gumb	1,1
Lam	4	Gumb	1,12
Lam	4	Nlap	2,28
Lam	4	Nlap	2,68
Lam	4	Nlap	2,69
Lam	4	Nlap	2,73
Lam	4	Nlap	2,78
Lam	4	Nlap	2,8
Lam	4	Nlap	2,99
Lam	4	Nlap	3,15
Lam	4	Nlap	3,21
Lam	4	Nlap	3,31
Lam	4	Nlap	3,44
Lam	4	Nlap	3,45
Lam	4	Nlap	3,46
Lam	4	Nlap	3,48
Lam	4	Nlap	3,54
Lam	4	Nlap	3,67
Lam	4	Nlap	3,71
Lam	4	Nlap	3,9
Lam	4	Nlap	3,93
Lam	4	Nlap	3,94
Lam	4	Nlap	4,23
Lam	4	Nlap	4,23
Lam	4	Nlap	4,63
Lam	4	Nlap	5,42
Lam	4	Nlap	5,68
Lam	4	Patsp	0,86
Lam	4	Patsp	1,04
Lam	4	Patsp	2,33
Lam	4	Patsp	2,36
Lam	4	Patsp	2,52
Lam	4	Patsp	2,81
Lam	4	Patsp	3,66
Lam	4	Patsp	4,08
Lam	4	Patsp	4,85
Lam	4	Patsp	5,27
Lam	4	Patsp	6,7
Lam	5	Gumb	0,37
Lam	5	Gumb	0,46
Lam	5	Gumb	1,19
Lam	5	Gumb	1,26
Lam	5	Gumb	1,33
Lam	5	Gumb	1,39
Lam	5	Gumb	1,41
Lam	5	Gumb	1,51
Lam	5	Gumb	1,51
Lam	5	Patsp	0,12
Lam	5	Patsp	0,15
Lam	5	Patsp	0,22
Lam	5	Patsp	1,17
Lam	5	Patsp	3,16
Lam	5	Patsp	19,41
Lam	6	Gcin	1,93
Lam	6	Nlap	3,02
Lam	6	Nlap	3,39
Lam	6	Nlap	3,62
Lam	6	Patsp	0,27
Lam	6	Patsp	1
Lam	6	Patsp	1,1
Lam	6	Patsp	2,65
Lam	6	Patsp	4,22
Lam	6	Patsp	4,8
Lam	6	Patsp	5,19
Lam	6	Patsp	5,22
Lam	6	Patsp	6,92
Lam	6	Patsp	7,62
Lam	6	Patsp	8,1
Lam	6	Patsp	8,64
Lam	6	Patsp	11,32
Lam	6	Patsp	12,12
Lam	7	Gumb	0,93
Lam	7	Gumb	1,36
Lam	7	Gumb	1,4
Lam	7	Patsp	1,71
Lam	7	Patsp	2,87
Lam	7	Patsp	5,22
Lam	7	Patsp	6,86
Lam	7	Patsp	6,92
Lam	7	Patsp	7,16
Lam	8	Gcin	0,82
Lam	8	Gumb	0,9
Lam	8	Nlap	0,96
Lam	8	Nlap	3,43
Lam	8	Patsp	0,39
Lam	8	Patsp	3
Lam	8	Patsp	7,82
Lam	8	Patsp	8,37
Lam	8	Patsp	9,21
Lam	8	Patsp	10,27
Lam	8	Patsp	12,08
Lam	8	Patsp	12,9
Lam	9	Gumb	0,7
Lam	9	Gumb	0,73
Lam	9	Gumb	0,79
Lam	9	Gumb	0,84
Lam	9	Gumb	0,87
Lam	9	Gumb	0,88
Lam	9	Gumb	1,13
Lam	9	Gumb	1,24
Lam	9	Gumb	1,28
Lam	9	Gumb	1,38
Lam	9	Gumb	1,4
Lam	9	Nlap	2,44
Lam	9	Nlap	2,67
Lam	9	Nlap	2,75
Lam	9	Nlap	2,91
Lam	9	Nlap	3,04
Lam	9	Nlap	3,1
Lam	9	Nlap	3,19
Lam	9	Nlap	3,21
Lam	9	Nlap	3,27
Lam	9	Nlap	3,49
Lam	9	Nlap	3,53
Lam	9	Nlap	3,61
Lam	9	Nlap	4,03
Lam	9	Nlap	4,04
Lam	9	Nlap	4,14
Lam	9	Nlap	4,22
Lam	9	Nlap	4,29
Lam	9	Nlap	4,3
Lam	9	Nlap	4,44
Lam	9	Nlap	5,72
Lam	9	Nlap	6,51
Lam	9	Nlap	7,5
Lam	9	Patsp	0,18
Lam	9	Patsp	0,68
Lam	9	Patsp	1,49
Lam	9	Patsp	2,56
Lam	9	Patsp	2,91
Lam	9	Patsp	3,04
Lam	9	Patsp	4,99
Lam	9	Patsp	5,65
Lam	9	Patsp	6,51
Lam	9	Patsp	8,19
Lam	9	Patsp	9,77
Lam	9	Patsp	11,89
Lam	10	Gumb	0,83
Lam	10	Gumb	0,84
Lam	10	Gumb	0,89
Lam	10	Gumb	0,91
Lam	10	Gumb	0,92
Lam	10	Gumb	0,93
Lam	10	Gumb	1,07
Lam	10	Gumb	1,11
Lam	10	Gumb	1,16
Lam	10	Nlap	1,21
Lam	10	Nlap	2,15
Lam	10	Nlap	2,93
Lam	10	Nlap	3,54
Lam	10	Nlap	5,61
Lam	10	Patsp	0,05
Lam	10	Patsp	0,11
Lam	10	Patsp	0,12
Lam	10	Patsp	0,17
Lam	10	Patsp	0,23
Lam	10	Patsp	0,29
Lam	10	Patsp	0,41
Lam	10	Patsp	0,46
Lam	10	Patsp	1,21
Lam	10	Patsp	1,26
Lam	10	Patsp	1,67
Lam	10	Patsp	5,49
Lam	10	Patsp	11,62
Lam	10	Patsp	11,7
Lam	10	Patsp	14,78
Lam	10	Patsp	15,29
Lam	10	Patsp	26,49
Lam	11	Gumb	0,67
Lam	11	Gumb	0,68
Lam	11	Gumb	0,73
Lam	11	Gumb	0,79
Lam	11	Gumb	0,81
Lam	11	Gumb	0,82
Lam	11	Gumb	0,85
Lam	11	Gumb	0,87
Lam	11	Gumb	0,87
Lam	11	Gumb	1,02
Lam	11	Nlap	3,32
Lam	11	Nlap	3,72
Lam	11	Nlap	3,85
Lam	11	Nlap	4,66
Lam	11	Nlap	6,62
Lam	11	Patsp	0,91
Lam	11	Patsp	0,91
Lam	11	Patsp	0,92
Lam	11	Patsp	1,32
Lam	11	Patsp	1,51
Lam	11	Patsp	1,62
Lam	11	Patsp	1,63
Lam	11	Patsp	1,71
Lam	11	Patsp	3,43
Lam	11	Patsp	4,6
Lam	11	Patsp	5,23
Lam	11	Patsp	6,61
Lam	11	Patsp	6,85
Lam	11	Patsp	7,11
Lam	11	Patsp	7,29
Lam	11	Patsp	9,57
Lam	11	Patsp	10,25
Lam	11	Patsp	18
Lam	12	Gumb	0,14
Lam	12	Gumb	0,23
Lam	12	Gumb	0,58
Lam	12	Gumb	0,58
Lam	12	Gumb	0,59
Lam	12	Gumb	0,65
Lam	12	Gumb	0,67
Lam	12	Gumb	0,67
Lam	12	Gumb	0,68
Lam	12	Gumb	0,69
Lam	12	Gumb	0,71
Lam	12	Gumb	0,71
Lam	12	Gumb	0,72
Lam	12	Gumb	0,73
Lam	12	Gumb	0,74
Lam	12	Gumb	0,79
Lam	12	Gumb	0,8
Lam	12	Gumb	0,81
Lam	12	Gumb	0,81
Lam	12	Gumb	0,81
Lam	12	Gumb	0,82
Lam	12	Gumb	0,87
Lam	12	Gumb	0,93
Lam	12	Gumb	1,12
Lam	12	Gumb	1,13
Lam	12	Nlap	1,32
Lam	12	Nlap	1,48
Lam	12	Nlap	1,67
Lam	12	Nlap	2,14
Lam	12	Nlap	2,15
Lam	12	Nlap	2,32
Lam	12	Nlap	2,4
Lam	12	Nlap	2,84
Lam	12	Nlap	2,88
Lam	12	Nlap	2,9
Lam	12	Nlap	3,03
Lam	12	Nlap	3,13
Lam	12	Nlap	3,25
Lam	12	Nlap	3,26
Lam	12	Nlap	3,45
Lam	12	Nlap	3,45
Lam	12	Nlap	3,47
Lam	12	Nlap	3,55
Lam	12	Nlap	3,63
Lam	12	Nlap	3,7
Lam	12	Nlap	3,73
Lam	12	Nlap	4,09
Lam	12	Nlap	4,12
Lam	12	Nlap	7,2
Lam	12	Patsp	0,42
Lam	12	Patsp	0,66
Lam	12	Patsp	1,58
Lam	12	Patsp	1,76
Lam	12	Patsp	2,43
Lam	12	Patsp	2,68
Lam	12	Patsp	3,48
Lam	12	Patsp	5,78
Lam	12	Patsp	9,11
Lam	12	Patsp	11,6
Lam	12	Patsp	13,52
Lam	12	Patsp	14
Lam	13	Gumb	0,1
Lam	13	Gumb	0,58
Lam	13	Gumb	0,63
Lam	13	Gumb	0,7
Lam	13	Gumb	0,7
Lam	13	Gumb	0,76
Lam	13	Gumb	0,78
Lam	13	Gumb	0,79
Lam	13	Gumb	0,8
Lam	13	Gumb	0,81
Lam	13	Gumb	0,82
Lam	13	Gumb	0,82
Lam	13	Gumb	0,83
Lam	13	Gumb	0,93
Lam	13	Nlap	2,75
Lam	13	Patsp	0,08
Lam	13	Patsp	2,85
Lam	13	Patsp	9,17
Lam	13	Patsp	11,05
Lam	13	Patsp	14,06
Lam	13	Patsp	14,19
Lam	13	Patsp	15,78
Lam	13	Patsp	22,87
Lam	13	Patsp	27,39
Lam	14	Gumb	0,76
Lam	14	Gumb	0,79
Lam	14	Gumb	1,03
Lam	14	Nlap	3,48
Lam	14	Patsp	0,64
Lam	14	Patsp	0,88
Lam	14	Patsp	1,53
Lam	14	Patsp	2,16
Lam	14	Patsp	3,24
Lam	14	Patsp	3,71
Lam	14	Patsp	3,78
Lam	14	Patsp	4,15
Lam	14	Patsp	6,1
Lam	14	Patsp	7,88
Lam	14	Patsp	8,94
Lam	14	Patsp	10,7
Lam	14	Patsp	16,5
Lam	14	Patsp	17,87
Lam	14	Patsp	19,37
Ser	1	Gumb	0,49
Ser	1	Gumb	0,55
Ser	1	Gumb	0,61
Ser	1	Gumb	0,61
Ser	1	Gumb	0,62
Ser	1	Gumb	0,62
Ser	1	Gumb	0,62
Ser	1	Gumb	0,66
Ser	1	Gumb	0,67
Ser	1	Gumb	0,67
Ser	1	Gumb	0,72
Ser	1	Gumb	0,72
Ser	1	Gumb	0,73
Ser	1	Gumb	0,8
Ser	1	Gumb	0,82
Ser	1	Gumb	0,82
Ser	1	Gumb	0,83
Ser	1	Gumb	0,83
Ser	1	Gumb	0,85
Ser	1	Gumb	0,85
Ser	1	Gumb	1,06
Ser	1	Gumb	1,22
Ser	1	Lrea	2,38
Ser	1	Lrea	2,66
Ser	1	Lrea	2,97
Ser	1	Lrea	3,13
Ser	1	Lrea	4,1
Ser	1	Lrea	4,15
Ser	1	Nlap	3
Ser	1	Nlap	3,04
Ser	1	Nlap	3,08
Ser	1	Nlap	3,29
Ser	1	Nlap	3,35
Ser	1	Nlap	3,53
Ser	1	Nlap	3,55
Ser	1	Nlap	3,66
Ser	1	Nlap	3,76
Ser	1	Nlap	3,78
Ser	1	Nlap	3,83
Ser	1	Nlap	3,83
Ser	1	Nlap	4,03
Ser	1	Nlap	4,09
Ser	1	Nlap	4,1
Ser	1	Nlap	4,24
Ser	1	Nlap	5,89
Ser	1	Nlap	6,24
Ser	1	Patsp	0,49
Ser	1	Patsp	9,63
Ser	1	Patsp	10,68
Ser	1	Patsp	14,77
Ser	2	Gcin	0,4
Ser	2	Gcin	0,42
Ser	2	Gcin	0,42
Ser	2	Gcin	0,45
Ser	2	Gcin	0,47
Ser	2	Gcin	0,53
Ser	2	Gcin	0,54
Ser	2	Gcin	0,54
Ser	2	Gcin	0,56
Ser	2	Gcin	0,56
Ser	2	Gcin	0,56
Ser	2	Gcin	0,56
Ser	2	Gcin	0,56
Ser	2	Gcin	0,58
Ser	2	Gcin	0,58
Ser	2	Gcin	0,59
Ser	2	Gcin	0,59
Ser	2	Gcin	0,61
Ser	2	Gcin	0,64
Ser	2	Gcin	0,66
Ser	2	Gcin	0,67
Ser	2	Gcin	0,67
Ser	2	Gcin	0,68
Ser	2	Gcin	0,68
Ser	2	Gcin	0,69
Ser	2	Gcin	0,69
Ser	2	Gcin	0,71
Ser	2	Gcin	0,72
Ser	2	Gcin	0,72
Ser	2	Gcin	0,72
Ser	2	Gcin	0,72
Ser	2	Gcin	0,74
Ser	2	Gcin	0,74
Ser	2	Gcin	0,74
Ser	2	Gcin	0,75
Ser	2	Gcin	0,76
Ser	2	Gcin	0,76
Ser	2	Gcin	0,77
Ser	2	Gcin	0,8
Ser	2	Gcin	0,81
Ser	2	Gcin	0,83
Ser	2	Lralis	0,5
Ser	2	Lrea	2,38
Ser	2	Lrea	2,65
Ser	2	Lrea	2,65
Ser	2	Lrea	2,72
Ser	2	Lrea	2,73
Ser	2	Lrea	2,9
Ser	2	Lrea	2,91
Ser	2	Lrea	2,97
Ser	2	Lrea	3
Ser	2	Lrea	3,01
Ser	2	Lrea	3,25
Ser	2	Lrea	3,25
Ser	2	Lrea	3,27
Ser	2	Lrea	3,39
Ser	2	Lrea	3,99
Ser	2	Lrea	4,36
Ser	2	Nlap	3,17
Ser	2	Patsp	0,79
Ser	2	Patsp	1,74
Ser	2	Patsp	9,48
Ser	3	Gump	0,3
Ser	3	Gump	0,33
Ser	3	Gump	0,43
Ser	3	Gump	0,55
Ser	3	Gump	0,57
Ser	3	Gump	0,62
Ser	3	Gump	0,64
Ser	3	Gump	0,7
Ser	3	Gump	0,71
Ser	3	Gump	0,74
Ser	3	Gump	0,75
Ser	3	Gump	0,77
Ser	3	Gump	0,79
Ser	3	Gump	0,82
Ser	3	Gump	0,83
Ser	3	Gump	0,91
Ser	3	Gump	0,97
Ser	3	Lrea	3,02
Ser	3	Lrea	3,96
Ser	3	Lrea	4,11
Ser	3	Nlap	2,87
Ser	3	Nlap	3,09
Ser	3	Patsp	0,58
Ser	3	Patsp	1,91
Ser	3	Patsp	5,59
Ser	3	Patsp	11,99
Ser	3	Patsp	28,7
Ser	4	Gumb	0,08
Ser	4	Gumb	0,09
Ser	4	Gumb	0,1
Ser	4	Gumb	0,1
Ser	4	Gumb	0,11
Ser	4	Gumb	0,12
Ser	4	Gumb	0,15
Ser	4	Gumb	0,17
Ser	4	Gumb	0,18
Ser	4	Gumb	0,19
Ser	4	Gumb	0,21
Ser	4	Gumb	0,28
Ser	4	Gumb	0,37
Ser	4	Gumb	0,38
Ser	4	Gumb	0,42
Ser	4	Gumb	0,42
Ser	4	Gumb	0,43
Ser	4	Gumb	0,44
Ser	4	Gumb	0,44
Ser	4	Gumb	0,45
Ser	4	Gumb	0,47
Ser	4	Gumb	0,47
Ser	4	Gumb	0,48
Ser	4	Gumb	0,49
Ser	4	Gumb	0,5
Ser	4	Gumb	0,5
Ser	4	Gumb	0,51
Ser	4	Gumb	0,52
Ser	4	Gumb	0,52
Ser	4	Gumb	0,52
Ser	4	Gumb	0,52
Ser	4	Gumb	0,52
Ser	4	Gumb	0,53
Ser	4	Gumb	0,53
Ser	4	Gumb	0,53
Ser	4	Gumb	0,53
Ser	4	Gumb	0,53
Ser	4	Gumb	0,54
Ser	4	Gumb	0,55
Ser	4	Gumb	0,55
Ser	4	Gumb	0,55
Ser	4	Gumb	0,55
Ser	4	Gumb	0,56
Ser	4	Gumb	0,56
Ser	4	Gumb	0,57
Ser	4	Gumb	0,58
Ser	4	Gumb	0,58
Ser	4	Gumb	0,59
Ser	4	Gumb	0,59
Ser	4	Gumb	0,59
Ser	4	Gumb	0,59
Ser	4	Gumb	0,59
Ser	4	Gumb	0,6
Ser	4	Gumb	0,6
Ser	4	Gumb	0,61
Ser	4	Gumb	0,62
Ser	4	Gumb	0,62
Ser	4	Gumb	0,62
Ser	4	Gumb	0,62
Ser	4	Gumb	0,62
Ser	4	Gumb	0,62
Ser	4	Gumb	0,62
Ser	4	Gumb	0,62
Ser	4	Gumb	0,63
Ser	4	Gumb	0,64
Ser	4	Gumb	0,64
Ser	4	Gumb	0,64
Ser	4	Gumb	0,64
Ser	4	Gumb	0,64
Ser	4	Gumb	0,65
Ser	4	Gumb	0,65
Ser	4	Gumb	0,65
Ser	4	Gumb	0,65
Ser	4	Gumb	0,66
Ser	4	Gumb	0,67
Ser	4	Gumb	0,67
Ser	4	Gumb	0,68
Ser	4	Gumb	0,69
Ser	4	Gumb	0,7
Ser	4	Gumb	0,7
Ser	4	Gumb	0,71
Ser	4	Gumb	0,72
Ser	4	Gumb	0,72
Ser	4	Gumb	0,73
Ser	4	Gumb	0,75
Ser	4	Gumb	0,76
Ser	4	Gumb	0,77
Ser	4	Gumb	0,78
Ser	4	Gumb	0,79
Ser	4	Gumb	0,81
Ser	4	Gumb	0,81
Ser	4	Gumb	0,85
Ser	4	Gumb	0,89
Ser	4	Gumb	0,92
Ser	4	Gumb	1,22
Ser	4	Lrea	2,45
Ser	4	Lrea	2,94
Ser	4	Lrea	3,05
Ser	4	Lrea	3,15
Ser	4	Lrea	3,21
Ser	4	Lrea	3,41
Ser	4	Lrea	3,44
Ser	4	Lrea	3,53
Ser	4	Lrea	4,1
Ser	4	Lrea	4,32
Ser	4	Nlap	1,65
Ser	4	Nlap	2,35
Ser	4	Nlap	2,42
Ser	4	Nlap	3,27
Ser	4	Nret	2,87
Ser	4	Patsp	0,14
Ser	4	Patsp	0,92
Ser	4	Patsp	3,75
Ser	4	Patsp	4,49
Ser	4	Patsp	5,16
Ser	4	Patsp	5,21
Ser	4	Patsp	11,9
Ser	4	Patsp	13,01
Ser	4	Patsp	16
Ser	4	Patsp	16,8
Ser	4	Patsp	18,91
Ser	4	Patsp	23,61
Ser	5	Gumb	0,51
Ser	5	Gumb	0,52
Ser	5	Gumb	0,52
Ser	5	Gumb	0,53
Ser	5	Gumb	0,54
Ser	5	Gumb	0,54
Ser	5	Gumb	0,56
Ser	5	Gumb	0,58
Ser	5	Gumb	0,58
Ser	5	Gumb	0,58
Ser	5	Gumb	0,6
Ser	5	Gumb	0,6
Ser	5	Gumb	0,61
Ser	5	Gumb	0,62
Ser	5	Gumb	0,64
Ser	5	Gumb	0,67
Ser	5	Gumb	0,68
Ser	5	Gumb	0,69
Ser	5	Gumb	0,7
Ser	5	Gumb	0,71
Ser	5	Gumb	0,71
Ser	5	Gumb	0,71
Ser	5	Gumb	0,71
Ser	5	Gumb	0,73
Ser	5	Gumb	0,73
Ser	5	Gumb	0,76
Ser	5	Gumb	0,81
Ser	5	Gumb	0,82
Ser	5	Gumb	0,82
Ser	5	Gumb	0,84
Ser	5	Gumb	0,86
Ser	5	Gumb	0,88
Ser	5	Gumb	0,92
Ser	5	Gumb	1,11
Ser	5	Lralis	0,37
Ser	5	Patsp	3,15
Ser	5	Patsp	6,46
Ser	5	Patsp	10,42
Ser	5	Patsp	12,5
Ser	5	Patsp	18,5
Ser	5	Patsp	20,22
Ser	5	Patsp	22,47
Ser	6	Gumb	0,06
Ser	6	Gumb	0,34
Ser	6	Gumb	0,5
Ser	6	Gumb	0,52
Ser	6	Gumb	0,53
Ser	6	Gumb	0,55
Ser	6	Gumb	0,65
Ser	6	Gumb	0,66
Ser	6	Gumb	0,68
Ser	6	Gumb	0,72
Ser	6	Gumb	0,75
Ser	6	Lrea	2,41
Ser	6	Lrea	2,51
Ser	6	Lrea	2,54
Ser	6	Lrea	2,55
Ser	6	Lrea	2,65
Ser	6	Lrea	2,66
Ser	6	Lrea	2,82
Ser	6	Lrea	2,88
Ser	6	Lrea	2,9
Ser	6	Lrea	2,96
Ser	6	Lrea	2,96
Ser	6	Lrea	2,99
Ser	6	Lrea	3,04
Ser	6	Lrea	3,05
Ser	6	Lrea	3,08
Ser	6	Lrea	3,19
Ser	6	Lrea	3,21
Ser	6	Lrea	3,31
Ser	6	Lrea	3,43
Ser	6	Lrea	3,56
Ser	6	Lrea	3,61
Ser	6	Lrea	3,66
Ser	6	Lrea	3,76
Ser	6	Lrea	3,77
Ser	6	Lrea	4
Ser	6	Nlap	2,15
Ser	6	Nlap	2,23
Ser	6	Nlap	2,35
Ser	6	Nlap	4,46
Ser	6	Patsp	2,71
Ser	6	Patsp	3,43
Ser	6	Patsp	13,41
Ser	7	Gumb	0,1
Ser	7	Gumb	0,13
Ser	7	Gumb	0,2
Ser	7	Gumb	0,28
Ser	7	Gumb	0,53
Ser	7	Gumb	0,54
Ser	7	Gumb	0,55
Ser	7	Gumb	0,57
Ser	7	Gumb	0,58
Ser	7	Gumb	0,6
Ser	7	Gumb	0,6
Ser	7	Gumb	0,72
Ser	7	Gumb	0,72
Ser	7	Gumb	0,72
Ser	7	Gumb	0,73
Ser	7	Gumb	0,73
Ser	7	Gumb	0,75
Ser	7	Gumb	0,76
Ser	7	Gumb	0,77
Ser	7	Gumb	0,85
Ser	7	Gumb	0,925
Ser	7	Lralis	1,52
Ser	7	Lrea	2,21
Ser	7	Lrea	2,21
Ser	7	Lrea	2,69
Ser	7	Lrea	2,74
Ser	7	Lrea	2,76
Ser	7	Lrea	2,8
Ser	7	Lrea	2,83
Ser	7	Lrea	2,86
Ser	7	Lrea	2,9
Ser	7	Lrea	3,27
Ser	7	Lrea	3,43
Ser	7	Lrea	3,44
Ser	7	Lrea	3,5
Ser	7	Lrea	3,57
Ser	7	Nlap	6,88
Ser	7	Patsp	0,07
Ser	7	Patsp	0,24
Ser	7	Patsp	0,27
Ser	7	Patsp	0,31
Ser	7	Patsp	2,83
Ser	7	Patsp	4,33
Ser	7	Patsp	7,81
Ser	7	Patsp	7,88
Ser	7	Patsp	9,83
Ser	7	Patsp	10,4
Ser	7	Patsp	13,06
Ser	7	Patsp	14,57
Ser	7	Patsp	29
Ser	8	Gumb	0,2
Ser	8	Gumb	0,36
Ser	8	Gumb	0,49
Ser	8	Gumb	0,53
Ser	8	Gumb	0,56
Ser	8	Gumb	0,56
Ser	8	Gumb	0,57
Ser	8	Gumb	0,57
Ser	8	Gumb	0,59
Ser	8	Gumb	0,61
Ser	8	Gumb	0,61
Ser	8	Gumb	0,61
Ser	8	Gumb	0,62
Ser	8	Gumb	0,63
Ser	8	Gumb	0,63
Ser	8	Gumb	0,65
Ser	8	Gumb	0,65
Ser	8	Gumb	0,66
Ser	8	Gumb	0,66
Ser	8	Gumb	0,69
Ser	8	Gumb	0,7
Ser	8	Gumb	0,7
Ser	8	Gumb	0,72
Ser	8	Gumb	0,72
Ser	8	Gumb	0,73
Ser	8	Gumb	0,73
Ser	8	Gumb	0,74
Ser	8	Gumb	0,85
Ser	8	Gumb	1
Ser	8	Lrea	5,44
Ser	8	Patsp	0,17
Ser	8	Patsp	5,44
Ser	8	Patsp	5,63
Ser	8	Patsp	5,66
Ser	8	Patsp	15
Ser	9	Gumb	0,14
Ser	9	Gumb	0,16
Ser	9	Gumb	0,24
Ser	9	Gumb	0,26
Ser	9	Gumb	0,29
Ser	9	Gumb	0,3
Ser	9	Gumb	0,3
Ser	9	Gumb	0,35
Ser	9	Gumb	0,35
Ser	9	Gumb	0,41
Ser	9	Gumb	0,42
Ser	9	Gumb	0,47
Ser	9	Gumb	0,48
Ser	9	Gumb	0,48
Ser	9	Gumb	0,5
Ser	9	Gumb	0,52
Ser	9	Gumb	0,53
Ser	9	Gumb	0,54
Ser	9	Gumb	0,54
Ser	9	Gumb	0,54
Ser	9	Gumb	0,55
Ser	9	Gumb	0,55
Ser	9	Gumb	0,56
Ser	9	Gumb	0,58
Ser	9	Gumb	0,58
Ser	9	Gumb	0,58
Ser	9	Gumb	0,58
Ser	9	Gumb	0,59
Ser	9	Gumb	0,59
Ser	9	Gumb	0,6
Ser	9	Gumb	0,61
Ser	9	Gumb	0,63
Ser	9	Gumb	0,63
Ser	9	Gumb	0,64
Ser	9	Gumb	0,65
Ser	9	Gumb	0,65
Ser	9	Gumb	0,65
Ser	9	Gumb	0,65
Ser	9	Gumb	0,66
Ser	9	Gumb	0,67
Ser	9	Gumb	0,68
Ser	9	Gumb	0,7
Ser	9	Gumb	0,71
Ser	9	Gumb	0,71
Ser	9	Gumb	0,72
Ser	9	Gumb	0,73
Ser	9	Gumb	0,75
Ser	9	Gumb	0,76
Ser	9	Gumb	0,77
Ser	9	Gumb	0,9
Ser	9	Gumb	1,05
Ser	9	Lralis	0,29
Ser	9	Lralis	0,37
Ser	9	Lralis	0,5
Ser	9	Lralis	0,5
Ser	9	Lralis	0,56
Ser	9	Lralis	0,64
Ser	9	Lrea	0,12
Ser	9	Lrea	2,29
Ser	9	Lrea	2,35
Ser	9	Lrea	2,56
Ser	9	Lrea	2,67
Ser	9	Lrea	2,68
Ser	9	Lrea	2,78
Ser	9	Lrea	2,82
Ser	9	Lrea	2,84
Ser	9	Lrea	2,87
Ser	9	Lrea	2,89
Ser	9	Lrea	2,9
Ser	9	Lrea	2,9
Ser	9	Lrea	2,91
Ser	9	Lrea	2,92
Ser	9	Lrea	2,94
Ser	9	Lrea	2,94
Ser	9	Lrea	2,98
Ser	9	Lrea	3,01
Ser	9	Lrea	3,01
Ser	9	Lrea	3,02
Ser	9	Lrea	3,07
Ser	9	Lrea	3,08
Ser	9	Lrea	3,09
Ser	9	Lrea	3,1
Ser	9	Lrea	3,1
Ser	9	Lrea	3,12
Ser	9	Lrea	3,13
Ser	9	Lrea	3,21
Ser	9	Lrea	3,21
Ser	9	Lrea	3,25
Ser	9	Lrea	3,27
Ser	9	Lrea	3,28
Ser	9	Lrea	3,28
Ser	9	Lrea	3,29
Ser	9	Lrea	3,3
Ser	9	Lrea	3,33
Ser	9	Lrea	3,34
Ser	9	Lrea	3,35
Ser	9	Lrea	3,36
Ser	9	Lrea	3,39
Ser	9	Lrea	3,42
Ser	9	Lrea	3,44
Ser	9	Lrea	3,44
Ser	9	Lrea	3,51
Ser	9	Lrea	3,54
Ser	9	Lrea	3,55
Ser	9	Lrea	3,62
Ser	9	Lrea	3,63
Ser	9	Lrea	3,66
Ser	9	Lrea	3,67
Ser	9	Lrea	3,72
Ser	9	Lrea	3,81
Ser	9	Lrea	3,86
Ser	9	Lrea	3,91
Ser	9	Lrea	3,94
Ser	9	Lrea	3,97
Ser	9	Lrea	3,98
Ser	9	Lrea	4
Ser	9	Lrea	4,04
Ser	9	Lrea	4,23
Ser	9	Lrea	4,32
Ser	9	Lrea	4,36
Ser	9	Lrea	4,45
Ser	9	Lrea	4,62
Ser	9	Lrea	4,99
Ser	9	Patsp	1,09
Ser	9	Patsp	1,5
Ser	9	Patsp	2,04
Ser	9	Patsp	3,14
Ser	9	Patsp	4,02
Ser	10	Gumb	0,11
Ser	10	Gumb	0,15
Ser	10	Gumb	0,2
Ser	10	Gumb	0,25
Ser	10	Gumb	0,31
Ser	10	Gumb	0,32
Ser	10	Gumb	0,35
Ser	10	Gumb	0,37
Ser	10	Gumb	0,43
Ser	10	Gumb	0,43
Ser	10	Gumb	0,46
Ser	10	Gumb	0,46
Ser	10	Gumb	0,47
Ser	10	Gumb	0,47
Ser	10	Gumb	0,48
Ser	10	Gumb	0,48
Ser	10	Gumb	0,48
Ser	10	Gumb	0,48
Ser	10	Gumb	0,5
Ser	10	Gumb	0,51
Ser	10	Gumb	0,51
Ser	10	Gumb	0,51
Ser	10	Gumb	0,51
Ser	10	Gumb	0,52
Ser	10	Gumb	0,52
Ser	10	Gumb	0,52
Ser	10	Gumb	0,52
Ser	10	Gumb	0,53
Ser	10	Gumb	0,53
Ser	10	Gumb	0,54
Ser	10	Gumb	0,54
Ser	10	Gumb	0,55
Ser	10	Gumb	0,55
Ser	10	Gumb	0,55
Ser	10	Gumb	0,56
Ser	10	Gumb	0,56
Ser	10	Gumb	0,56
Ser	10	Gumb	0,57
Ser	10	Gumb	0,57
Ser	10	Gumb	0,58
Ser	10	Gumb	0,59
Ser	10	Gumb	0,6
Ser	10	Gumb	0,6
Ser	10	Gumb	0,6
Ser	10	Gumb	0,61
Ser	10	Gumb	0,63
Ser	10	Gumb	0,63
Ser	10	Gumb	0,64
Ser	10	Gumb	0,64
Ser	10	Gumb	0,64
Ser	10	Gumb	0,66
Ser	10	Gumb	0,68
Ser	10	Gumb	0,7
Ser	10	Gumb	0,7
Ser	10	Gumb	0,73
Ser	10	Gumb	0,74
Ser	10	Gumb	0,81
Ser	10	Gumb	0,83
Ser	10	Gumb	0,85
Ser	10	Gumb	0,85
Ser	10	Gumb	0,87
Ser	10	Gumb	0,87
Ser	10	Gumb	0,89
Ser	10	Gumb	1,03
Ser	10	Lralis	0,57
Ser	10	Lrea	2,6
Ser	10	Lrea	2,78
Ser	10	Lrea	2,79
Ser	10	Lrea	2,83
Ser	10	Lrea	2,86
Ser	10	Lrea	2,89
Ser	10	Lrea	2,89
Ser	10	Lrea	2,95
Ser	10	Lrea	2,97
Ser	10	Lrea	2,98
Ser	10	Lrea	3,04
Ser	10	Lrea	3,08
Ser	10	Lrea	3,08
Ser	10	Lrea	3,12
Ser	10	Lrea	3,13
Ser	10	Lrea	3,14
Ser	10	Lrea	3,25
Ser	10	Lrea	3,33
Ser	10	Lrea	3,35
Ser	10	Lrea	3,38
Ser	10	Lrea	3,47
Ser	10	Lrea	3,49
Ser	10	Lrea	3,52
Ser	10	Lrea	3,65
Ser	10	Lrea	3,69
Ser	10	Lrea	3,72
Ser	10	Lrea	3,72
Ser	10	Lrea	3,78
Ser	10	Lrea	3,79
Ser	10	Lrea	3,83
Ser	10	Lrea	3,98
Ser	10	Lrea	4,18
Ser	10	Lrea	4,32
Ser	10	Lrea	4,39
Ser	10	Lrea	5,88
Ser	10	Patsp	10,51
Ser	11	Gcin	0,63
Ser	11	Gumb	0,13
Ser	11	Gumb	0,14
Ser	11	Gumb	0,22
Ser	11	Gumb	0,27
Ser	11	Gumb	0,34
Ser	11	Gumb	0,41
Ser	11	Gumb	0,43
Ser	11	Gumb	0,43
Ser	11	Gumb	0,46
Ser	11	Gumb	0,51
Ser	11	Gumb	0,55
Ser	11	Gumb	0,58
Ser	11	Gumb	0,59
Ser	11	Gumb	0,59
Ser	11	Gumb	0,61
Ser	11	Gumb	0,62
Ser	11	Gumb	0,63
Ser	11	Gumb	0,64
Ser	11	Gumb	0,66
Ser	11	Gumb	0,67
Ser	11	Gumb	0,68
Ser	11	Gumb	0,68
Ser	11	Gumb	0,69
Ser	11	Gumb	0,69
Ser	11	Gumb	0,7
Ser	11	Gumb	0,72
Ser	11	Gumb	0,73
Ser	11	Gumb	0,81
Ser	11	Lrea	1,45
Ser	11	Lrea	2,51
Ser	11	Lrea	2,95
Ser	11	Lrea	3,04
Ser	11	Lrea	3,11
Ser	11	Lrea	3,12
Ser	11	Lrea	3,21
Ser	11	Lrea	3,24
Ser	11	Lrea	3,25
Ser	11	Lrea	3,57
Ser	11	Lrea	3,57
Ser	11	Patsp	3,61
Ser	11	Patsp	6,52
Ser	11	Patsp	9,37
Ser	11	Patsp	12,63
Ser	11	Patsp	14,22
Ser	11	Patsp	22,38
Ser	11	Patsp	23,66
Ser	11	Patsp	27,63
Ser	12	Lrea	0,13
Ser	12	Lrea	0,13
Ser	12	Lrea	0,14
Ser	12	Lrea	0,19
Ser	12	Lrea	0,2
Ser	12	Lrea	0,21
Ser	12	Lrea	0,22
Ser	12	Lrea	0,24
Ser	12	Lrea	0,25
Ser	12	Lrea	0,26
Ser	12	Lrea	0,27
Ser	12	Lrea	0,29
Ser	12	Lrea	0,33
Ser	12	Lrea	0,34
Ser	12	Lrea	0,34
Ser	12	Lrea	0,35
Ser	12	Lrea	0,35
Ser	12	Lrea	0,35
Ser	12	Lrea	0,36
Ser	12	Lrea	0,36
Ser	12	Lrea	0,37
Ser	12	Lrea	0,38
Ser	12	Lrea	0,38
Ser	12	Lrea	0,39
Ser	12	Lrea	0,39
Ser	12	Lrea	0,39
Ser	12	Lrea	0,43
Ser	12	Lrea	0,44
Ser	12	Lrea	0,45
Ser	12	Lrea	0,45
Ser	12	Lrea	0,46
Ser	12	Lrea	0,47
Ser	12	Lrea	0,47
Ser	12	Lrea	0,47
Ser	12	Lrea	0,48
Ser	12	Lrea	0,49
Ser	12	Lrea	0,5
Ser	12	Lrea	0,5
Ser	12	Lrea	0,5
Ser	12	Lrea	0,51
Ser	12	Lrea	0,51
Ser	12	Lrea	0,52
Ser	12	Lrea	0,52
Ser	12	Lrea	0,52
Ser	12	Lrea	0,52
Ser	12	Lrea	0,53
Ser	12	Lrea	0,53
Ser	12	Lrea	0,54
Ser	12	Lrea	0,54
Ser	12	Lrea	0,54
Ser	12	Lrea	0,54
Ser	12	Lrea	0,55
Ser	12	Lrea	0,55
Ser	12	Lrea	0,55
Ser	12	Lrea	0,56
Ser	12	Lrea	0,56
Ser	12	Lrea	0,57
Ser	12	Lrea	0,57
Ser	12	Lrea	0,58
Ser	12	Lrea	0,58
Ser	12	Lrea	0,59
Ser	12	Lrea	0,59
Ser	12	Lrea	0,59
Ser	12	Lrea	0,6
Ser	12	Lrea	0,6
Ser	12	Lrea	0,6
Ser	12	Lrea	0,61
Ser	12	Lrea	0,61
Ser	12	Lrea	0,61
Ser	12	Lrea	0,62
Ser	12	Lrea	0,62
Ser	12	Lrea	0,63
Ser	12	Lrea	0,65
Ser	12	Lrea	0,66
Ser	12	Lrea	0,67
Ser	12	Lrea	0,69
Ser	12	Lrea	0,7
Ser	12	Lrea	0,71
Ser	12	Lrea	0,73
Ser	12	Lrea	0,79
Ser	12	Lrea	0,85
Ser	12	Lrea	0,87
Ser	12	Lrea	0,89
Ser	12	Lrea	0,9
Ser	12	Lrea	2,15
Ser	12	Lrea	2,42
Ser	12	Lrea	2,83
Ser	12	Lrea	2,91
Ser	12	Lrea	2,93
Ser	12	Lrea	3,01
Ser	12	Lrea	3,11
Ser	12	Lrea	3,3
Ser	12	Lrea	3,35
Ser	12	Lrea	3,51
Ser	12	Lrea	3,52
Ser	12	Lrea	3,55
Ser	12	Lrea	3,62
Ser	12	Lrea	3,86
Ser	12	Nlap	1,19
Ser	12	Nlap	1,52
Ser	12	Nlap	1,69
Ser	12	Nlap	1,72
Ser	12	Nlap	1,98
Ser	12	Nlap	1,98
Ser	12	Nlap	2,27
Ser	12	Nlap	2,27
Ser	12	Nlap	2,28
Ser	12	Nlap	2,36
Ser	12	Nlap	2,47
Ser	12	Nlap	2,51
Ser	12	Nlap	2,52
Ser	12	Nlap	2,56
Ser	12	Nlap	2,59
Ser	12	Nlap	2,68
Ser	12	Nlap	2,69
Ser	12	Nlap	2,7
Ser	12	Nlap	2,75
Ser	12	Nlap	2,8
Ser	12	Nlap	2,81
Ser	12	Nlap	2,86
Ser	12	Nlap	2,87
Ser	12	Nlap	2,91
Ser	12	Nlap	2,93
Ser	12	Nlap	3
Ser	12	Nlap	3,05
Ser	12	Nlap	3,16
Ser	12	Nlap	3,26
Ser	12	Nlap	3,3
Ser	12	Nlap	3,33
Ser	12	Nlap	3,33
Ser	12	Nlap	3,41
Ser	12	Nlap	3,44
Ser	12	Nlap	3,64
Ser	12	Nlap	3,66
Ser	12	Nlap	3,69
Ser	12	Nlap	3,79
Ser	12	Nlap	3,9
Ser	12	Nlap	3,94
Ser	12	Nlap	3,97
Ser	12	Nlap	4,02
Ser	12	Nlap	5,07
Ser	12	Patsp	0,09
Ser	12	Patsp	0,1
Ser	12	Patsp	0,35
Ser	12	Patsp	0,35
Ser	12	Patsp	0,94
Ser	12	Patsp	1,01
Ser	12	Patsp	1,03
Ser	12	Patsp	1,43
Ser	12	Patsp	1,55
Ser	12	Patsp	1,68
Ser	12	Patsp	1,97
Ser	12	Patsp	2,04
Ser	12	Patsp	3,65
Ser	12	Patsp	3,74
Ser	12	Patsp	4,3
Ser	13	Gumb	0,14
Ser	13	Gumb	0,21
Ser	13	Gumb	0,23
Ser	13	Gumb	0,28
Ser	13	Gumb	0,29
Ser	13	Gumb	0,3
Ser	13	Gumb	0,3
Ser	13	Gumb	0,3
Ser	13	Gumb	0,31
Ser	13	Gumb	0,32
Ser	13	Gumb	0,32
Ser	13	Gumb	0,34
Ser	13	Gumb	0,4
Ser	13	Gumb	0,4
Ser	13	Gumb	0,42
Ser	13	Gumb	0,44
Ser	13	Gumb	0,45
Ser	13	Gumb	0,48
Ser	13	Gumb	0,48
Ser	13	Gumb	0,48
Ser	13	Gumb	0,5
Ser	13	Gumb	0,5
Ser	13	Gumb	0,51
Ser	13	Gumb	0,52
Ser	13	Gumb	0,53
Ser	13	Gumb	0,53
Ser	13	Gumb	0,53
Ser	13	Gumb	0,55
Ser	13	Gumb	0,57
Ser	13	Gumb	0,57
Ser	13	Gumb	0,6
Ser	13	Gumb	0,61
Ser	13	Gumb	0,61
Ser	13	Gumb	0,62
Ser	13	Gumb	0,63
Ser	13	Gumb	0,63
Ser	13	Gumb	0,64
Ser	13	Gumb	0,65
Ser	13	Gumb	0,66
Ser	13	Gumb	0,66
Ser	13	Gumb	0,67
Ser	13	Gumb	0,67
Ser	13	Gumb	0,68
Ser	13	Gumb	0,68
Ser	13	Gumb	0,68
Ser	13	Gumb	0,69
Ser	13	Gumb	0,69
Ser	13	Gumb	0,7
Ser	13	Gumb	0,7
Ser	13	Gumb	0,71
Ser	13	Gumb	0,71
Ser	13	Gumb	0,72
Ser	13	Gumb	0,75
Ser	13	Gumb	0,76
Ser	13	Gumb	0,76
Ser	13	Gumb	0,77
Ser	13	Gumb	0,77
Ser	13	Gumb	0,87
Ser	13	Gumb	0,95
Ser	13	Gumb	1,16
Ser	13	Gumb	1,67
Ser	13	Gumb	1,69
Ser	13	Gumb	2,24
Ser	13	Gumb	2,32
Ser	13	Gumb	2,47
Ser	13	Gumb	2,52
Ser	13	Gumb	3,41
Ser	13	Gumb	3,66
Ser	13	Gumb	5,65
Ser	13	Gumb	5,93
Ser	13	Lrea	0,01
Ser	13	Nlap	2,56
Ser	13	Nlap	3,24
Ser	13	Nlap	3,28
Ser	13	Nlap	3,48
Ser	13	Nlap	4,2
Ser	13	Nlap	4,6
Ser	14	Gumb	0,15
Ser	14	Gumb	0,32
Ser	14	Gumb	0,43
Ser	14	Gumb	0,47
Ser	14	Gumb	0,5
Ser	14	Gumb	0,52
Ser	14	Gumb	0,52
Ser	14	Gumb	0,52
Ser	14	Gumb	0,53
Ser	14	Gumb	0,53
Ser	14	Gumb	0,54
Ser	14	Gumb	0,56
Ser	14	Gumb	0,56
Ser	14	Gumb	0,56
Ser	14	Gumb	0,56
Ser	14	Gumb	0,56
Ser	14	Gumb	0,57
Ser	14	Gumb	0,6
Ser	14	Gumb	0,61
Ser	14	Gumb	0,62
Ser	14	Gumb	0,62
Ser	14	Gumb	0,63
Ser	14	Gumb	0,63
Ser	14	Gumb	0,63
Ser	14	Gumb	0,63
Ser	14	Gumb	0,63
Ser	14	Gumb	0,64
Ser	14	Gumb	0,64
Ser	14	Gumb	0,66
Ser	14	Gumb	0,68
Ser	14	Gumb	0,69
Ser	14	Gumb	0,69
Ser	14	Gumb	0,7
Ser	14	Gumb	0,7
Ser	14	Gumb	0,72
Ser	14	Gumb	0,72
Ser	14	Gumb	0,73
Ser	14	Gumb	0,73
Ser	14	Gumb	0,74
Ser	14	Gumb	0,76
Ser	14	Gumb	0,76
Ser	14	Gumb	0,77
Ser	14	Gumb	0,78
Ser	14	Gumb	0,79
Ser	14	Gumb	0,79
Ser	14	Gumb	0,8
Ser	14	Gumb	0,81
Ser	14	Gumb	0,89
Ser	14	Gumb	0,91
Ser	14	Gumb	0,96
Ser	14	Gumb	1,13
Ser	14	Gumb	1,86
Ser	14	Lralis	0,07
Ser	14	Lrea	0,82
Ser	14	Lrea	2,77
Ser	14	Lrea	3,09
Ser	14	Lrea	3,16
Ser	14	Lrea	3,26
Ser	14	Lrea	3,26
Ser	14	Lrea	3,41
Ser	14	Lrea	3,89
Ser	14	Nlap	1,88
Ser	14	Nlap	3,77
Ser	14	Nlap	3,78
Ser	14	Nlap	5,17
Ser	14	Nlap	5,8
Ser	14	Nlap	6,14
Ser	14	Patsp	0,07
Ser	14	Patsp	0,25
Ser	14	Patsp	0,37
Ser	14	Patsp	0,47
Ser	14	Patsp	0,82
Ser	14	Patsp	2,46
Ser	14	Patsp	4,46
Ser	14	Patsp	5
Ser	14	Patsp	6,34
Ser	14	Patsp	12,63
Ser	14	Patsp	12,91
Ser	14	Patsp	16,76
Ser	14	Patsp	17,02
Ser	14	Patsp	22,63
Ser	14	Patsp	23,46
Ser	121	Gumb	0,1
Ser	121	Gumb	0,12
Ser	121	Gumb	0,15
Ser	121	Gumb	0,19
Ser	121	Gumb	0,2
Ser	121	Gumb	0,21
Ser	121	Gumb	0,24
Ser	121	Gumb	0,25
Ser	121	Gumb	0,29
Ser	121	Gumb	0,3
Ser	121	Gumb	0,31
Ser	121	Gumb	0,34
Ser	121	Gumb	0,34
Ser	121	Gumb	0,36
Ser	121	Gumb	0,36
Ser	121	Gumb	0,36
Ser	121	Gumb	0,36
Ser	121	Gumb	0,37
Ser	121	Gumb	0,38
Ser	121	Gumb	0,38
Ser	121	Gumb	0,38
Ser	121	Gumb	0,39
Ser	121	Gumb	0,39
Ser	121	Gumb	0,4
Ser	121	Gumb	0,42
Ser	121	Gumb	0,44
Ser	121	Gumb	0,45
Ser	121	Gumb	0,46
Ser	121	Gumb	0,47
Ser	121	Gumb	0,47
Ser	121	Gumb	0,48
Ser	121	Gumb	0,48
Ser	121	Gumb	0,5
Ser	121	Gumb	0,5
Ser	121	Gumb	0,5
Ser	121	Gumb	0,51
Ser	121	Gumb	0,51
Ser	121	Gumb	0,51
Ser	121	Gumb	0,52
Ser	121	Gumb	0,52
Ser	121	Gumb	0,52
Ser	121	Gumb	0,53
Ser	121	Gumb	0,53
Ser	121	Gumb	0,53
Ser	121	Gumb	0,53
Ser	121	Gumb	0,54
Ser	121	Gumb	0,54
Ser	121	Gumb	0,55
Ser	121	Gumb	0,56
Ser	121	Gumb	0,56
Ser	121	Gumb	0,56
Ser	121	Gumb	0,56
Ser	121	Gumb	0,57
Ser	121	Gumb	0,57
Ser	121	Gumb	0,58
Ser	121	Gumb	0,58
Ser	121	Gumb	0,59
Ser	121	Gumb	0,59
Ser	121	Gumb	0,59
Ser	121	Gumb	0,6
Ser	121	Gumb	0,6
Ser	121	Gumb	0,61
Ser	121	Gumb	0,61
Ser	121	Gumb	0,61
Ser	121	Gumb	0,61
Ser	121	Gumb	0,62
Ser	121	Gumb	0,63
Ser	121	Gumb	0,65
Ser	121	Gumb	0,65
Ser	121	Gumb	0,66
Ser	121	Gumb	0,67
Ser	121	Gumb	0,68
Ser	121	Gumb	0,71
Ser	121	Gumb	0,71
Ser	121	Gumb	0,73
Ser	121	Gumb	0,79
Ser	121	Gumb	0,87
Ser	121	Gumb	0,87
Ser	121	Gumb	0,89
Ser	121	Gumb	0,9
Ser	121	Lrea	2,14
Ser	121	Lrea	2,42
Ser	121	Lrea	2,84
Ser	121	Lrea	2,89
Ser	121	Lrea	2,92
Ser	121	Lrea	3
Ser	121	Lrea	3,11
Ser	121	Lrea	3,32
Ser	121	Lrea	3,37
Ser	121	Lrea	3,52
Ser	121	Lrea	3,53
Ser	121	Lrea	3,55
Ser	121	Lrea	3,64
Ser	121	Lrea	3,86
Ser	121	Nlap	1,2
Ser	121	Nlap	1,53
Ser	121	Nlap	1,68
Ser	121	Nlap	1,73
Ser	121	Nlap	1,97
Ser	121	Nlap	1,99
Ser	121	Nlap	2,24
Ser	121	Nlap	2,26
Ser	121	Nlap	2,27
Ser	121	Nlap	2,36
Ser	121	Nlap	2,47
Ser	121	Nlap	2,51
Ser	121	Nlap	2,53
Ser	121	Nlap	2,58
Ser	121	Nlap	2,6
Ser	121	Nlap	2,67
Ser	121	Nlap	2,68
Ser	121	Nlap	2,7
Ser	121	Nlap	2,74
Ser	121	Nlap	2,8
Ser	121	Nlap	2,84
Ser	121	Nlap	2,88
Ser	121	Nlap	2,89
Ser	121	Nlap	2,9
Ser	121	Nlap	2,93
Ser	121	Nlap	2,99
Ser	121	Nlap	3,05
Ser	121	Nlap	3,17
Ser	121	Nlap	3,25
Ser	121	Nlap	3,3
Ser	121	Nlap	3,33
Ser	121	Nlap	3,36
Ser	121	Nlap	3,37
Ser	121	Nlap	3,44
Ser	121	Nlap	3,62
Ser	121	Nlap	3,66
Ser	121	Nlap	3,7
Ser	121	Nlap	3,79
Ser	121	Nlap	3,88
Ser	121	Nlap	3,93
Ser	121	Nlap	3,99
Ser	121	Nlap	4,01
Ser	121	Nlap	5,08
Ser	121	Patsp	0,07
Ser	121	Patsp	0,09
Ser	121	Patsp	0,19
Ser	121	Patsp	0,35
Ser	121	Patsp	0,36
Ser	121	Patsp	1,04
Ser	121	Patsp	1,07
Ser	121	Patsp	1,12
Ser	121	Patsp	1,45
Ser	121	Patsp	1,59
Ser	121	Patsp	1,74
Ser	121	Patsp	2,09
Ser	121	Patsp	2,18
Ser	121	Patsp	3,81
Ser	121	Patsp	3,89
Ser	121	Patsp	4,53
Spi	1	Lsax	0,01
Spi	1	Lsax	0,01
Spi	1	Lsax	0,02
Spi	1	Lsax	0,04
Spi	1	Lsax	0,04
Spi	1	Lsax	0,04
Spi	1	Lsax	0,07
Spi	1	Lsax	0,08
Spi	1	Lsax	0,15
Spi	1	Lsax	0,18
Spi	1	Mono	5,81
Spi	1	Patsp	3,92
Spi	1	Patsp	6,17
Spi	2	Lsax	0,3
Spi	2	Lsax	0,31
Spi	2	Lsax	0,36
Spi	2	Mono	4,12
Spi	2	Mono	6,04
Spi	2	Patsp	1,04
Spi	2	Patsp	2,12
Spi	2	Patsp	3,73
Spi	2	Patsp	4,79
Spi	3	Gumb	1,1
Spi	3	Lsax	0,01
Spi	3	Lsax	0,01
Spi	3	Lsax	0,01
Spi	3	Lsax	0,01
Spi	3	Lsax	0,08
Spi	3	Lsax	0,11
Spi	3	Lsax	0,16
Spi	3	Lsax	0,2
Spi	3	Lsax	0,23
Spi	3	Lsax	0,32
Spi	3	Lsax	0,38
Spi	3	Lsax	0,42
Spi	3	Lsax	0,48
Spi	3	Lsax	0,49
Spi	3	Lsax	0,53
Spi	3	Lsax	0,54
Spi	3	Lsax	0,57
Spi	3	Lsax	0,68
Spi	3	Lsax	0,68
Spi	3	Lsax	0,91
Spi	3	Lsax	0,99
Spi	3	Mono	4,14
Spi	3	Patsp	1,31
Spi	3	Patsp	3,01
Spi	3	Patsp	6,28
Spi	3	Patsp	6,76
Spi	3	Patsp	13,59
Spi	4	Lrea	0,41
Spi	4	Lrea	0,56
Spi	4	Lrea	1,44
Spi	4	Lsax	0,01
Spi	4	Lsax	0,01
Spi	4	Lsax	0,01
Spi	4	Lsax	0,01
Spi	4	Lsax	0,01
Spi	4	Lsax	0,04
Spi	4	Lsax	0,06
Spi	4	Lsax	0,08
Spi	4	Lsax	0,08
Spi	4	Lsax	0,08
Spi	4	Lsax	0,08
Spi	4	Lsax	0,09
Spi	4	Lsax	0,09
Spi	4	Lsax	0,09
Spi	4	Lsax	0,09
Spi	4	Lsax	0,09
Spi	4	Lsax	0,1
Spi	4	Lsax	0,1
Spi	4	Lsax	0,1
Spi	4	Lsax	0,1
Spi	4	Lsax	0,1
Spi	4	Lsax	0,11
Spi	4	Lsax	0,11
Spi	4	Lsax	0,11
Spi	4	Lsax	0,12
Spi	4	Lsax	0,12
Spi	4	Lsax	0,13
Spi	4	Lsax	0,14
Spi	4	Lsax	0,14
Spi	4	Lsax	0,15
Spi	4	Lsax	0,15
Spi	4	Lsax	0,16
Spi	4	Lsax	0,16
Spi	4	Lsax	0,16
Spi	4	Lsax	0,16
Spi	4	Lsax	0,17
Spi	4	Lsax	0,17
Spi	4	Lsax	0,18
Spi	4	Lsax	0,19
Spi	4	Lsax	0,22
Spi	4	Lsax	0,22
Spi	4	Lsax	0,22
Spi	4	Lsax	0,24
Spi	4	Lsax	0,24
Spi	4	Lsax	0,25
Spi	4	Lsax	0,26
Spi	4	Lsax	0,3
Spi	4	Lsax	0,3
Spi	4	Lsax	0,31
Spi	4	Lsax	0,32
Spi	4	Lsax	0,33
Spi	4	Lsax	0,34
Spi	4	Lsax	0,34
Spi	4	Lsax	0,37
Spi	4	Lsax	0,38
Spi	4	Lsax	0,39
Spi	4	Lsax	0,4
Spi	4	Lsax	0,41
Spi	4	Lsax	0,41
Spi	4	Lsax	0,45
Spi	4	Lsax	0,45
Spi	4	Lsax	0,45
Spi	4	Lsax	0,49
Spi	4	Lsax	0,49
Spi	4	Lsax	0,54
Spi	4	Lsax	0,58
Spi	4	Lsax	0,58
Spi	4	Lsax	0,61
Spi	4	Lsax	0,61
Spi	4	Lsax	0,63
Spi	4	Lsax	0,68
Spi	4	Lsax	0,72
Spi	4	Lsax	1,08
Spi	4	Patsp	0,42
Spi	4	Patsp	1,87
Spi	4	Patsp	2,11
Spi	4	Patsp	2,19
Spi	4	Patsp	2,67
Spi	4	Patsp	2,84
Spi	4	Patsp	2,88
Spi	4	Patsp	2,89
Spi	4	Patsp	2,92
Spi	4	Patsp	3,2
Spi	4	Patsp	3,69
Spi	4	Patsp	3,75
Spi	5	Lsax	0,01
Spi	5	Lsax	0,01
Spi	5	Lsax	0,01
Spi	5	Lsax	0,01
Spi	5	Lsax	0,01
Spi	5	Lsax	0,01
Spi	5	Lsax	0,02
Spi	5	Lsax	0,02
Spi	5	Lsax	0,03
Spi	5	Lsax	0,03
Spi	5	Lsax	0,03
Spi	5	Lsax	0,03
Spi	5	Lsax	0,03
Spi	5	Lsax	0,03
Spi	5	Lsax	0,04
Spi	5	Lsax	0,04
Spi	5	Lsax	0,04
Spi	5	Lsax	0,04
Spi	5	Lsax	0,04
Spi	5	Lsax	0,05
Spi	5	Lsax	0,05
Spi	5	Lsax	0,05
Spi	5	Lsax	0,05
Spi	5	Lsax	0,05
Spi	5	Lsax	0,05
Spi	5	Lsax	0,05
Spi	5	Lsax	0,06
Spi	5	Lsax	0,06
Spi	5	Lsax	0,06
Spi	5	Lsax	0,06
Spi	5	Lsax	0,06
Spi	5	Lsax	0,06
Spi	5	Lsax	0,06
Spi	5	Lsax	0,06
Spi	5	Lsax	0,06
Spi	5	Lsax	0,06
Spi	5	Lsax	0,07
Spi	5	Lsax	0,07
Spi	5	Lsax	0,07
Spi	5	Lsax	0,07
Spi	5	Lsax	0,08
Spi	5	Lsax	0,08
Spi	5	Lsax	0,09
Spi	5	Lsax	0,09
Spi	5	Lsax	0,09
Spi	5	Lsax	0,09
Spi	5	Lsax	0,09
Spi	5	Lsax	0,09
Spi	5	Lsax	0,09
Spi	5	Lsax	0,09
Spi	5	Lsax	0,1
Spi	5	Lsax	0,1
Spi	5	Lsax	0,1
Spi	5	Lsax	0,1
Spi	5	Lsax	0,1
Spi	5	Lsax	0,1
Spi	5	Lsax	0,1
Spi	5	Lsax	0,1
Spi	5	Lsax	0,11
Spi	5	Lsax	0,11
Spi	5	Lsax	0,11
Spi	5	Lsax	0,11
Spi	5	Lsax	0,11
Spi	5	Lsax	0,12
Spi	5	Lsax	0,12
Spi	5	Lsax	0,12
Spi	5	Lsax	0,12
Spi	5	Lsax	0,13
Spi	5	Lsax	0,13
Spi	5	Lsax	0,13
Spi	5	Lsax	0,14
Spi	5	Lsax	0,14
Spi	5	Lsax	0,14
Spi	5	Lsax	0,15
Spi	5	Lsax	0,16
Spi	5	Lsax	0,23
Spi	5	Lsax	0,26
Spi	5	Lsax	0,28
Spi	5	Patsp	3,46
Spi	5	Patsp	4,56
Spi	6	Gumb	1,15
Spi	6	Gumb	1,35
Spi	6	Lsax	0,09
Spi	6	Lsax	0,19
Spi	6	Lsax	0,19
Spi	6	Lsax	0,21
Spi	6	Lsax	0,24
Spi	6	Lsax	0,3
Spi	6	Lsax	0,31
Spi	6	Lsax	0,31
Spi	6	Lsax	0,37
Spi	6	Lsax	0,38
Spi	6	Lsax	0,43
Spi	6	Lsax	0,52
Spi	6	Patsp	2,25
Spi	6	Patsp	2,29
Spi	6	Patsp	3,48
Spi	6	Patsp	3,59
Spi	6	Patsp	4,99
Spi	6	Patsp	10,21
Spi	7	Lsax	0,01
Spi	7	Lsax	0,01
Spi	7	Lsax	0,01
Spi	7	Lsax	0,01
Spi	7	Lsax	0,01
Spi	7	Lsax	0,04
Spi	7	Lsax	0,05
Spi	7	Lsax	0,05
Spi	7	Lsax	0,05
Spi	7	Lsax	0,05
Spi	7	Lsax	0,05
Spi	7	Lsax	0,06
Spi	7	Lsax	0,06
Spi	7	Lsax	0,07
Spi	7	Lsax	0,07
Spi	7	Lsax	0,07
Spi	7	Lsax	0,08
Spi	7	Lsax	0,08
Spi	7	Lsax	0,1
Spi	7	Lsax	0,13
Spi	7	Lsax	0,13
Spi	7	Lsax	0,15
Spi	7	Lsax	0,15
Spi	7	Lsax	0,16
Spi	7	Lsax	0,16
Spi	7	Lsax	0,17
Spi	7	Lsax	0,18
Spi	7	Lsax	0,19
Spi	7	Lsax	0,25
Spi	7	Lsax	0,25
Spi	7	Lsax	0,27
Spi	7	Lsax	0,32
Spi	7	Lsax	0,38
Spi	7	Lsax	0,43
Spi	7	Lsax	0,48
Spi	7	Patsp	0,45
Spi	7	Patsp	2,48
Spi	7	Patsp	3,44
Spi	7	Patsp	7,3
Spi	8	Gumb	0,69
Spi	8	Gumb	1,07
Spi	8	Gumb	1,09
Spi	8	Lsax	0,01
Spi	8	Lsax	0,01
Spi	8	Lsax	0,03
Spi	8	Lsax	0,03
Spi	8	Lsax	0,04
Spi	8	Lsax	0,07
Spi	8	Lsax	0,08
Spi	8	Lsax	0,09
Spi	8	Lsax	0,1
Spi	8	Lsax	0,11
Spi	8	Lsax	0,11
Spi	8	Lsax	0,12
Spi	8	Lsax	0,12
Spi	8	Lsax	0,14
Spi	8	Lsax	0,16
Spi	8	Lsax	0,16
Spi	8	Lsax	0,17
Spi	8	Lsax	0,21
Spi	8	Lsax	0,22
Spi	8	Lsax	0,22
Spi	8	Lsax	0,22
Spi	8	Lsax	0,24
Spi	8	Lsax	0,25
Spi	8	Lsax	0,25
Spi	8	Lsax	0,28
Spi	8	Lsax	0,32
Spi	8	Lsax	0,33
Spi	8	Lsax	0,36
Spi	8	Lsax	0,36
Spi	8	Lsax	0,37
Spi	8	Lsax	0,38
Spi	8	Lsax	0,46
Spi	8	Lsax	0,53
Spi	8	Lsax	0,55
Spi	8	Lsax	0,55
Spi	8	Lsax	0,64
Spi	8	Lsax	0,67
Spi	8	Lsax	0,82
Spi	8	Patsp	2,9
Spi	8	Patsp	3,1
Spi	8	Patsp	3,51
Spi	8	Patsp	7,34
Spi	8	Patsp	7,62
Spi	9	Gumb	0,46
Spi	9	Gumb	0,6
Spi	9	Gumb	0,62
Spi	9	Gumb	0,66
Spi	9	Gumb	0,66
Spi	9	Gumb	0,67
Spi	9	Gumb	0,72
Spi	9	Gumb	0,72
Spi	9	Gumb	0,73
Spi	9	Gumb	0,73
Spi	9	Gumb	0,73
Spi	9	Gumb	0,73
Spi	9	Gumb	0,73
Spi	9	Gumb	0,74
Spi	9	Gumb	0,74
Spi	9	Gumb	0,74
Spi	9	Gumb	0,75
Spi	9	Gumb	0,76
Spi	9	Gumb	0,8
Spi	9	Gumb	0,81
Spi	9	Gumb	0,83
Spi	9	Gumb	0,84
Spi	9	Gumb	0,84
Spi	9	Gumb	0,85
Spi	9	Gumb	0,85
Spi	9	Gumb	0,86
Spi	9	Gumb	0,87
Spi	9	Gumb	0,87
Spi	9	Gumb	0,87
Spi	9	Gumb	0,87
Spi	9	Gumb	0,87
Spi	9	Gumb	0,88
Spi	9	Gumb	0,88
Spi	9	Gumb	0,91
Spi	9	Gumb	0,91
Spi	9	Gumb	0,92
Spi	9	Gumb	0,93
Spi	9	Gumb	0,94
Spi	9	Gumb	0,94
Spi	9	Gumb	0,95
Spi	9	Gumb	0,96
Spi	9	Gumb	0,96
Spi	9	Gumb	0,96
Spi	9	Gumb	0,97
Spi	9	Gumb	0,97
Spi	9	Gumb	0,98
Spi	9	Gumb	0,98
Spi	9	Gumb	1,02
Spi	9	Gumb	1,04
Spi	9	Gumb	1,08
Spi	9	Gumb	1,13
Spi	9	Gumb	1,14
Spi	9	Gumb	1,17
Spi	9	Gumb	1,19
Spi	9	Lralis	0,28
Spi	9	Lrea	1,44
Spi	9	Lsax	0,16
Spi	9	Lsax	0,21
Spi	9	Lsax	0,22
Spi	9	Lsax	0,26
Spi	9	Lsax	0,28
Spi	9	Lsax	0,28
Spi	9	Lsax	0,3
Spi	9	Lsax	0,32
Spi	9	Lsax	0,36
Spi	9	Lsax	0,4
Spi	9	Lsax	0,42
Spi	9	Lsax	0,53
Spi	9	Lsax	0,62
Spi	9	Lsax	0,64
Spi	9	Lsax	0,65
Spi	9	Lsax	0,65
Spi	9	Lsax	0,67
Spi	9	Lsax	0,7
Spi	9	Lsax	0,82
Spi	9	Lsax	0,86
Spi	9	Lsax	0,87
Spi	9	Lsax	1
Spi	9	Lsax	1,04
Spi	9	Lsax	1,24
Spi	9	Lsax	1,25
Spi	9	Lsax	2,12
Spi	9	Mono	2,44
Spi	9	Mono	2,54
Spi	9	Mono	2,6
Spi	9	Mono	2,63
Spi	9	Mono	2,79
Spi	9	Mono	2,87
Spi	9	Mono	2,94
Spi	9	Mono	3,11
Spi	9	Mono	3,27
Spi	9	Mono	3,36
Spi	9	Mono	3,57
Spi	9	Mono	3,65
Spi	9	Mono	3,7
Spi	9	Mono	3,7
Spi	9	Mono	3,75
Spi	9	Mono	3,97
Spi	9	Mono	4,09
Spi	9	Mono	4,11
Spi	9	Mono	4,83
Spi	9	Mono	7,39
Spi	9	Patsp	0,34
Spi	9	Patsp	0,61
Spi	9	Patsp	0,94
Spi	9	Patsp	1,55
Spi	9	Patsp	2,11
Spi	9	Patsp	2,44
Spi	9	Patsp	2,47
Spi	9	Patsp	3,05
Spi	9	Patsp	3,24
Spi	9	Patsp	4,09
Spi	9	Patsp	5,08
Spi	9	Patsp	5,18
Spi	9	Patsp	5,22
Spi	9	Patsp	5,93
Spi	9	Patsp	7,48
Spi	9	Patsp	7,94
Spi	9	Patsp	8,93
Spi	9	Patsp	13,91
Spi	10	Gumb	0,79
Spi	10	Gumb	0,83
Spi	10	Gumb	0,91
Spi	10	Gumb	1,2
Spi	10	Lrea	2,07
Spi	10	Lrea	3,53
Spi	10	Lsax	0,05
Spi	10	Lsax	0,09
Spi	10	Lsax	0,09
Spi	10	Lsax	0,1
Spi	10	Lsax	0,13
Spi	10	Lsax	0,15
Spi	10	Lsax	0,16
Spi	10	Lsax	0,17
Spi	10	Lsax	0,18
Spi	10	Lsax	0,18
Spi	10	Lsax	0,2
Spi	10	Lsax	0,21
Spi	10	Lsax	0,23
Spi	10	Lsax	0,25
Spi	10	Lsax	0,3
Spi	10	Lsax	0,33
Spi	10	Lsax	0,33
Spi	10	Lsax	0,34
Spi	10	Lsax	0,36
Spi	10	Lsax	0,36
Spi	10	Lsax	0,36
Spi	10	Lsax	0,43
Spi	10	Lsax	0,43
Spi	10	Lsax	0,47
Spi	10	Lsax	0,49
Spi	10	Lsax	0,54
Spi	10	Lsax	0,56
Spi	10	Lsax	0,6
Spi	10	Lsax	0,71
Spi	10	Mono	5,98
Spi	10	Patsp	1,51
Spi	10	Patsp	2,45
Spi	10	Patsp	2,64
Spi	10	Patsp	3,81
Spi	10	Patsp	4,03
Spi	10	Patsp	7,84
Spi	10	Patsp	14,76
Spi	11	Gumb	1,33
Spi	11	Lsax	0,01
Spi	11	Lsax	0,01
Spi	11	Lsax	0,03
Spi	11	Lsax	0,06
Spi	11	Lsax	0,07
Spi	11	Lsax	0,09
Spi	11	Lsax	0,1
Spi	11	Lsax	0,12
Spi	11	Lsax	0,12
Spi	11	Lsax	0,12
Spi	11	Lsax	0,14
Spi	11	Lsax	0,16
Spi	11	Lsax	0,17
Spi	11	Lsax	0,19
Spi	11	Lsax	0,2
Spi	11	Lsax	0,25
Spi	11	Lsax	0,25
Spi	11	Lsax	0,28
Spi	11	Lsax	0,3
Spi	11	Lsax	0,31
Spi	11	Lsax	0,33
Spi	11	Lsax	0,34
Spi	11	Lsax	0,34
Spi	11	Lsax	0,36
Spi	11	Lsax	0,37
Spi	11	Lsax	0,38
Spi	11	Lsax	0,41
Spi	11	Lsax	0,41
Spi	11	Lsax	0,42
Spi	11	Lsax	0,46
Spi	11	Lsax	0,5
Spi	11	Lsax	0,5
Spi	11	Lsax	0,52
Spi	11	Lsax	0,57
Spi	11	Lsax	0,58
Spi	11	Lsax	0,61
Spi	11	Lsax	0,7
Spi	11	Lsax	0,73
Spi	11	Lsax	0,79
Spi	11	Mono	3,26
Spi	11	Mono	3,68
Spi	11	Mono	3,75
Spi	11	Mono	4,01
Spi	11	Mono	4,17
Spi	11	Mono	5,64
Spi	11	Mono	5,84
Spi	11	Mono	7,93
Spi	11	Patsp	0,99
Spi	11	Patsp	1,65
Spi	11	Patsp	3,02
Spi	11	Patsp	3,74
Spi	11	Patsp	4,02
Spi	11	Patsp	4,76
Spi	11	Patsp	7,04
Spi	11	Patsp	8,71
Spi	11	Patsp	8,94
Spi	12	Gumb	0,15
Spi	12	Gumb	0,93
Spi	12	Gumb	1,03
Spi	12	Gumb	1,05
Spi	12	Gumb	1,27
Spi	12	Gumb	1,29
Spi	12	Gumb	1,57
Spi	12	Lrea	1,32
Spi	12	Lsax	0,01
Spi	12	Lsax	0,01
Spi	12	Lsax	0,01
Spi	12	Lsax	0,01
Spi	12	Lsax	0,01
Spi	12	Lsax	0,01
Spi	12	Lsax	0,04
Spi	12	Lsax	0,04
Spi	12	Lsax	0,04
Spi	12	Lsax	0,04
Spi	12	Lsax	0,04
Spi	12	Lsax	0,04
Spi	12	Lsax	0,05
Spi	12	Lsax	0,05
Spi	12	Lsax	0,05
Spi	12	Lsax	0,05
Spi	12	Lsax	0,05
Spi	12	Lsax	0,05
Spi	12	Lsax	0,05
Spi	12	Lsax	0,06
Spi	12	Lsax	0,06
Spi	12	Lsax	0,06
Spi	12	Lsax	0,06
Spi	12	Lsax	0,07
Spi	12	Lsax	0,07
Spi	12	Lsax	0,07
Spi	12	Lsax	0,08
Spi	12	Lsax	0,08
Spi	12	Lsax	0,09
Spi	12	Lsax	0,09
Spi	12	Lsax	0,09
Spi	12	Lsax	0,09
Spi	12	Lsax	0,09
Spi	12	Lsax	0,1
Spi	12	Lsax	0,1
Spi	12	Lsax	0,1
Spi	12	Lsax	0,11
Spi	12	Lsax	0,11
Spi	12	Lsax	0,11
Spi	12	Lsax	0,11
Spi	12	Lsax	0,11
Spi	12	Lsax	0,11
Spi	12	Lsax	0,11
Spi	12	Lsax	0,11
Spi	12	Lsax	0,12
Spi	12	Lsax	0,12
Spi	12	Lsax	0,12
Spi	12	Lsax	0,12
Spi	12	Lsax	0,12
Spi	12	Lsax	0,13
Spi	12	Lsax	0,14
Spi	12	Lsax	0,14
Spi	12	Lsax	0,14
Spi	12	Lsax	0,14
Spi	12	Lsax	0,15
Spi	12	Lsax	0,15
Spi	12	Lsax	0,16
Spi	12	Lsax	0,17
Spi	12	Lsax	0,17
Spi	12	Lsax	0,18
Spi	12	Lsax	0,19
Spi	12	Lsax	0,19
Spi	12	Lsax	0,19
Spi	12	Lsax	0,2
Spi	12	Lsax	0,21
Spi	12	Lsax	0,21
Spi	12	Lsax	0,22
Spi	12	Lsax	0,23
Spi	12	Lsax	0,23
Spi	12	Lsax	0,25
Spi	12	Lsax	0,26
Spi	12	Lsax	0,27
Spi	12	Lsax	0,28
Spi	12	Lsax	0,33
Spi	12	Lsax	0,34
Spi	12	Lsax	0,34
Spi	12	Lsax	0,37
Spi	12	Lsax	0,39
Spi	12	Lsax	0,4
Spi	12	Lsax	0,43
Spi	12	Lsax	0,45
Spi	12	Lsax	0,47
Spi	12	Lsax	0,47
Spi	12	Lsax	0,47
Spi	12	Lsax	0,48
Spi	12	Lsax	0,49
Spi	12	Lsax	0,55
Spi	12	Lsax	0,59
Spi	12	Lsax	0,61
Spi	12	Lsax	0,62
Spi	12	Lsax	0,64
Spi	12	Lsax	0,65
Spi	12	Lsax	0,67
Spi	12	Lsax	0,72
Spi	12	Lsax	0,72
Spi	12	Lsax	0,76
Spi	12	Lsax	0,8
Spi	12	Lsax	0,8
Spi	12	Lsax	1,12
Spi	12	Mono	4,33
Spi	12	Patsp	1,35
Spi	12	Patsp	1,58
Spi	12	Patsp	2,04
Spi	12	Patsp	2,05
Spi	12	Patsp	3,3
Spi	12	Patsp	3,41
Spi	12	Patsp	3,49
Spi	12	Patsp	3,62
Spi	12	Patsp	4,77
Spi	12	Patsp	5,53
Spi	13	Lsax	0,03
Spi	13	Lsax	0,03
Spi	13	Lsax	0,04
Spi	13	Lsax	0,04
Spi	13	Lsax	0,04
Spi	13	Lsax	0,04
Spi	13	Lsax	0,04
Spi	13	Lsax	0,04
Spi	13	Lsax	0,05
Spi	13	Lsax	0,05
Spi	13	Lsax	0,05
Spi	13	Lsax	0,06
Spi	13	Lsax	0,06
Spi	13	Lsax	0,06
Spi	13	Lsax	0,06
Spi	13	Lsax	0,07
Spi	13	Lsax	0,07
Spi	13	Lsax	0,07
Spi	13	Lsax	0,07
Spi	13	Lsax	0,08
Spi	13	Lsax	0,09
Spi	13	Lsax	0,09
Spi	13	Lsax	0,09
Spi	13	Lsax	0,09
Spi	13	Lsax	0,09
Spi	13	Lsax	0,09
Spi	13	Lsax	0,09
Spi	13	Lsax	0,09
Spi	13	Lsax	0,1
Spi	13	Lsax	0,1
Spi	13	Lsax	0,1
Spi	13	Lsax	0,1
Spi	13	Lsax	0,1
Spi	13	Lsax	0,1
Spi	13	Lsax	0,1
Spi	13	Lsax	0,1
Spi	13	Lsax	0,1
Spi	13	Lsax	0,1
Spi	13	Lsax	0,1
Spi	13	Lsax	0,11
Spi	13	Lsax	0,11
Spi	13	Lsax	0,11
Spi	13	Lsax	0,11
Spi	13	Lsax	0,11
Spi	13	Lsax	0,11
Spi	13	Lsax	0,11
Spi	13	Lsax	0,12
Spi	13	Lsax	0,12
Spi	13	Lsax	0,12
Spi	13	Lsax	0,12
Spi	13	Lsax	0,13
Spi	13	Lsax	0,13
Spi	13	Lsax	0,13
Spi	13	Lsax	0,13
Spi	13	Lsax	0,13
Spi	13	Lsax	0,13
Spi	13	Lsax	0,13
Spi	13	Lsax	0,13
Spi	13	Lsax	0,13
Spi	13	Lsax	0,14
Spi	13	Lsax	0,14
Spi	13	Lsax	0,14
Spi	13	Lsax	0,15
Spi	13	Lsax	0,15
Spi	13	Lsax	0,15
Spi	13	Lsax	0,16
Spi	13	Lsax	0,16
Spi	13	Lsax	0,17
Spi	13	Lsax	0,17
Spi	13	Lsax	0,17
Spi	13	Lsax	0,17
Spi	13	Lsax	0,17
Spi	13	Lsax	0,18
Spi	13	Lsax	0,18
Spi	13	Lsax	0,18
Spi	13	Lsax	0,18
Spi	13	Lsax	0,19
Spi	13	Lsax	0,19
Spi	13	Lsax	0,19
Spi	13	Lsax	0,19
Spi	13	Lsax	0,2
Spi	13	Lsax	0,2
Spi	13	Lsax	0,2
Spi	13	Lsax	0,2
Spi	13	Lsax	0,2
Spi	13	Lsax	0,21
Spi	13	Lsax	0,21
Spi	13	Lsax	0,21
Spi	13	Lsax	0,21
Spi	13	Lsax	0,21
Spi	13	Lsax	0,22
Spi	13	Lsax	0,22
Spi	13	Lsax	0,22
Spi	13	Lsax	0,24
Spi	13	Lsax	0,24
Spi	13	Lsax	0,24
Spi	13	Lsax	0,24
Spi	13	Lsax	0,25
Spi	13	Lsax	0,26
Spi	13	Lsax	0,26
Spi	13	Lsax	0,26
Spi	13	Lsax	0,28
Spi	13	Lsax	0,28
Spi	13	Lsax	0,28
Spi	13	Lsax	0,29
Spi	13	Lsax	0,3
Spi	13	Lsax	0,31
Spi	13	Lsax	0,31
Spi	13	Lsax	0,31
Spi	13	Lsax	0,32
Spi	13	Lsax	0,32
Spi	13	Lsax	0,33
Spi	13	Lsax	0,35
Spi	13	Lsax	0,35
Spi	13	Lsax	0,36
Spi	13	Lsax	0,36
Spi	13	Lsax	0,38
Spi	13	Lsax	0,42
Spi	13	Lsax	0,43
Spi	13	Lsax	0,5
Spi	13	Lsax	0,52
Spi	13	Lsax	0,52
Spi	13	Lsax	0,56
Spi	13	Lsax	0,57
Spi	13	Lsax	0,59
Spi	13	Lsax	0,6
Spi	13	Lsax	0,6
Spi	13	Lsax	0,67
Spi	13	Lsax	0,87
Spi	13	Lsax	0,96
Spi	13	Patsp	0,98
Spi	13	Patsp	1,09
Spi	13	Patsp	1,15
Spi	13	Patsp	1,65
Spi	13	Patsp	2,83
Spi	14	Gumb	0,63
Spi	14	Gumb	0,71
Spi	14	Gumb	0,76
Spi	14	Gumb	0,79
Spi	14	Gumb	0,83
Spi	14	Gumb	0,87
Spi	14	Gumb	0,89
Spi	14	Gumb	0,9
Spi	14	Gumb	0,91
Spi	14	Gumb	0,92
Spi	14	Gumb	0,92
Spi	14	Gumb	0,93
Spi	14	Gumb	0,99
Spi	14	Gumb	1,01
Spi	14	Gumb	1,01
Spi	14	Gumb	1,01
Spi	14	Gumb	1,02
Spi	14	Gumb	1,03
Spi	14	Gumb	1,07
Spi	14	Gumb	1,08
Spi	14	Gumb	1,09
Spi	14	Gumb	1,13
Spi	14	Gumb	1,13
Spi	14	Gumb	1,14
Spi	14	Gumb	1,19
Spi	14	Gumb	1,21
Spi	14	Gumb	1,28
Spi	14	Lrea	0,61
Spi	14	Lrea	1,69
Spi	14	Lrea	1,99
Spi	14	Lrea	2,35
Spi	14	Lrea	2,84
Spi	14	Lrea	2,99
Spi	14	Lrea	3,9
Spi	14	Lsax	0,08
Spi	14	Lsax	0,25
Spi	14	Lsax	0,25
Spi	14	Lsax	0,38
Spi	14	Lsax	0,48
Spi	14	Lsax	0,55
Spi	14	Lsax	0,64
Spi	14	Lsax	0,67
Spi	14	Lsax	0,69
Spi	14	Lsax	0,84
Spi	14	Lsax	0,93
Spi	14	Mono	4,92
Spi	14	Mono	6,35
Spi	14	Patsp	1,31
Spi	14	Patsp	3,21
Spi	14	Patsp	3,22
Spi	14	Patsp	3,43
Spi	14	Patsp	3,74
Spi	14	Patsp	7,79
Ves	1	Gumb	0,43
Ves	1	Gumb	0,49
Ves	1	Gumb	0,52
Ves	1	Gumb	0,53
Ves	1	Gumb	0,53
Ves	1	Gumb	0,55
Ves	1	Gumb	0,57
Ves	1	Gumb	0,65
Ves	1	Gumb	0,67
Ves	1	Gumb	0,7
Ves	1	Gumb	0,7
Ves	1	Gumb	0,71
Ves	1	Gumb	0,73
Ves	1	Gumb	0,73
Ves	1	Gumb	0,76
Ves	1	Gumb	0,78
Ves	1	Gumb	0,84
Ves	1	Gumb	0,95
Ves	1	Lralis	1,18
Ves	1	Lrea	1,13
Ves	1	Lrea	1,38
Ves	1	Lrea	1,51
Ves	1	Lrea	1,51
Ves	1	Lrea	1,64
Ves	1	Lrea	1,64
Ves	1	Lrea	1,65
Ves	1	Lrea	1,66
Ves	1	Lrea	1,68
Ves	1	Lrea	1,76
Ves	1	Lrea	1,8
Ves	1	Lrea	1,86
Ves	1	Lrea	1,88
Ves	1	Lrea	1,89
Ves	1	Lrea	1,93
Ves	1	Lrea	1,93
Ves	1	Lrea	1,93
Ves	1	Lrea	1,96
Ves	1	Lrea	2,06
Ves	1	Lrea	2,06
Ves	1	Lrea	2,07
Ves	1	Lrea	2,07
Ves	1	Lrea	2,1
Ves	1	Lrea	2,11
Ves	1	Lrea	2,13
Ves	1	Lrea	2,19
Ves	1	Lrea	2,25
Ves	1	Lrea	2,27
Ves	1	Lrea	2,27
Ves	1	Lrea	2,3
Ves	1	Lrea	2,34
Ves	1	Lrea	2,35
Ves	1	Lrea	2,36
Ves	1	Lrea	2,37
Ves	1	Lrea	2,43
Ves	1	Lrea	2,49
Ves	1	Lrea	2,52
Ves	1	Lrea	2,58
Ves	1	Lrea	2,66
Ves	1	Lrea	2,86
Ves	1	Lrea	3,06
Ves	1	Lrea	3,38
Ves	1	Mono	2,22
Ves	1	Neap	2,26
Ves	1	Patsp	0,75
Ves	1	Patsp	1,56
Ves	1	Patsp	3,59
Ves	2	Gumb	0,01
Ves	2	Gumb	0,01
Ves	2	Gumb	0,01
Ves	2	Gumb	0,1
Ves	2	Gumb	0,16
Ves	2	Gumb	0,17
Ves	2	Gumb	0,27
Ves	2	Gumb	0,42
Ves	2	Gumb	0,43
Ves	2	Gumb	0,48
Ves	2	Gumb	0,5
Ves	2	Gumb	0,51
Ves	2	Gumb	0,53
Ves	2	Gumb	0,54
Ves	2	Gumb	0,64
Ves	2	Gumb	0,72
Ves	2	Gumb	0,74
Ves	2	Lrea	1,28
Ves	2	Lrea	1,29
Ves	2	Lrea	1,45
Ves	2	Lrea	1,47
Ves	2	Lrea	1,47
Ves	2	Lrea	1,51
Ves	2	Lrea	1,68
Ves	2	Lrea	1,7
Ves	2	Lrea	1,72
Ves	2	Lrea	1,76
Ves	2	Lrea	1,82
Ves	2	Lrea	1,82
Ves	2	Lrea	1,84
Ves	2	Lrea	1,86
Ves	2	Lrea	1,9
Ves	2	Lrea	1,94
Ves	2	Lrea	1,99
Ves	2	Lrea	2,02
Ves	2	Lrea	2,09
Ves	2	Lrea	2,09
Ves	2	Lrea	2,13
Ves	2	Lrea	2,17
Ves	2	Lrea	2,19
Ves	2	Lrea	2,2
Ves	2	Lrea	2,21
Ves	2	Lrea	2,27
Ves	2	Lrea	2,32
Ves	2	Lrea	2,35
Ves	2	Lrea	2,46
Ves	2	Lrea	2,67
Ves	2	Nlap	3,39
Ves	2	Patsp	0,33
Ves	2	Patsp	1,51
Ves	2	Patsp	2,33
Ves	2	Patsp	4,96
Ves	2	Patsp	4,98
Ves	2	Patsp	5,35
Ves	2	Patsp	5,92
Ves	2	Patsp	8,36
Ves	3	Gcin	0,75
Ves	3	Gumb	0,07
Ves	3	Gumb	0,1
Ves	3	Gumb	0,41
Ves	3	Gumb	0,52
Ves	3	Lralis	1,08
Ves	3	Lralis	1,1
Ves	3	Lrea	0,6
Ves	3	Lrea	0,73
Ves	3	Lrea	1,51
Ves	3	Lrea	1,6
Ves	3	Lrea	1,71
Ves	3	Lrea	1,76
Ves	3	Lrea	2
Ves	3	Lrea	2,01
Ves	3	Lrea	2,04
Ves	3	Lrea	2,07
Ves	3	Lrea	2,07
Ves	3	Lrea	2,08
Ves	3	Lrea	2,16
Ves	3	Lrea	2,17
Ves	3	Lrea	2,21
Ves	3	Lrea	2,26
Ves	3	Lrea	2,3
Ves	3	Lrea	2,3
Ves	3	Lrea	2,34
Ves	3	Lrea	2,4
Ves	3	Lrea	2,4
Ves	3	Lrea	2,42
Ves	3	Lrea	2,49
Ves	3	Lrea	3,6
Ves	3	Nlap	2,22
Ves	3	Nlap	3,34
Ves	3	Nlap	4,44
Ves	3	Patsp	0,79
Ves	3	Patsp	2,94
Ves	3	Patsp	3,6
Ves	3	Patsp	4,2
Ves	3	Patsp	4,54
Ves	3	Patsp	5,22
Ves	3	Patsp	5,92
Ves	4	Gumb	0,17
Ves	4	Gumb	0,19
Ves	4	Gumb	0,2
Ves	4	Gumb	0,25
Ves	4	Gumb	0,3
Ves	4	Gumb	0,32
Ves	4	Gumb	0,34
Ves	4	Gumb	0,35
Ves	4	Gumb	0,35
Ves	4	Gumb	0,36
Ves	4	Gumb	0,4
Ves	4	Gumb	0,41
Ves	4	Gumb	0,41
Ves	4	Gumb	0,41
Ves	4	Gumb	0,41
Ves	4	Gumb	0,41
Ves	4	Gumb	0,44
Ves	4	Gumb	0,44
Ves	4	Gumb	0,45
Ves	4	Gumb	0,46
Ves	4	Gumb	0,46
Ves	4	Gumb	0,46
Ves	4	Gumb	0,46
Ves	4	Gumb	0,46
Ves	4	Gumb	0,47
Ves	4	Gumb	0,48
Ves	4	Gumb	0,48
Ves	4	Gumb	0,48
Ves	4	Gumb	0,48
Ves	4	Gumb	0,48
Ves	4	Gumb	0,49
Ves	4	Gumb	0,49
Ves	4	Gumb	0,5
Ves	4	Gumb	0,5
Ves	4	Gumb	0,5
Ves	4	Gumb	0,5
Ves	4	Gumb	0,5
Ves	4	Gumb	0,5
Ves	4	Gumb	0,5
Ves	4	Gumb	0,51
Ves	4	Gumb	0,51
Ves	4	Gumb	0,51
Ves	4	Gumb	0,51
Ves	4	Gumb	0,51
Ves	4	Gumb	0,51
Ves	4	Gumb	0,51
Ves	4	Gumb	0,51
Ves	4	Gumb	0,52
Ves	4	Gumb	0,52
Ves	4	Gumb	0,52
Ves	4	Gumb	0,52
Ves	4	Gumb	0,52
Ves	4	Gumb	0,53
Ves	4	Gumb	0,53
Ves	4	Gumb	0,55
Ves	4	Gumb	0,55
Ves	4	Gumb	0,56
Ves	4	Gumb	0,56
Ves	4	Gumb	0,57
Ves	4	Gumb	0,57
Ves	4	Gumb	0,57
Ves	4	Gumb	0,58
Ves	4	Gumb	0,58
Ves	4	Gumb	0,58
Ves	4	Gumb	0,58
Ves	4	Gumb	0,58
Ves	4	Gumb	0,58
Ves	4	Gumb	0,59
Ves	4	Gumb	0,59
Ves	4	Gumb	0,59
Ves	4	Gumb	0,59
Ves	4	Gumb	0,6
Ves	4	Gumb	0,6
Ves	4	Gumb	0,6
Ves	4	Gumb	0,61
Ves	4	Gumb	0,61
Ves	4	Gumb	0,62
Ves	4	Gumb	0,62
Ves	4	Gumb	0,62
Ves	4	Gumb	0,62
Ves	4	Gumb	0,63
Ves	4	Gumb	0,63
Ves	4	Gumb	0,63
Ves	4	Gumb	0,63
Ves	4	Gumb	0,66
Ves	4	Gumb	0,67
Ves	4	Gumb	0,67
Ves	4	Gumb	0,68
Ves	4	Gumb	0,68
Ves	4	Gumb	0,69
Ves	4	Gumb	0,69
Ves	4	Gumb	0,7
Ves	4	Gumb	0,72
Ves	4	Gumb	0,74
Ves	4	Gumb	0,74
Ves	4	Gumb	0,76
Ves	4	Gumb	0,76
Ves	4	Gumb	0,77
Ves	4	Gumb	0,78
Ves	4	Gumb	0,8
Ves	4	Gumb	0,8
Ves	4	Lralis	1,19
Ves	4	Lralis	1,19
Ves	4	Lralis	1,33
Ves	4	Lralis	1,33
Ves	4	Lrea	0,52
Ves	4	Lrea	1,33
Ves	4	Lrea	1,34
Ves	4	Lrea	1,57
Ves	4	Lrea	1,65
Ves	4	Lrea	1,69
Ves	4	Lrea	1,7
Ves	4	Lrea	1,7
Ves	4	Lrea	1,77
Ves	4	Lrea	1,77
Ves	4	Lrea	1,83
Ves	4	Lrea	1,84
Ves	4	Lrea	1,84
Ves	4	Lrea	1,86
Ves	4	Lrea	1,93
Ves	4	Lrea	2,01
Ves	4	Lrea	2,02
Ves	4	Lrea	2,03
Ves	4	Lrea	2,13
Ves	4	Lrea	2,14
Ves	4	Lrea	2,17
Ves	4	Lrea	2,18
Ves	4	Lrea	2,19
Ves	4	Lrea	2,22
Ves	4	Lrea	2,22
Ves	4	Lrea	2,22
Ves	4	Lrea	2,29
Ves	4	Lrea	2,29
Ves	4	Lrea	2,33
Ves	4	Lrea	2,35
Ves	4	Lrea	2,48
Ves	4	Lrea	2,51
Ves	4	Lrea	2,52
Ves	4	Lrea	2,54
Ves	4	Lrea	2,58
Ves	4	Lrea	2,58
Ves	4	Lrea	2,89
Ves	4	Lrea	2,9
Ves	4	Lrea	3,82
Ves	4	Patsp	0,05
Ves	4	Patsp	0,13
Ves	4	Patsp	0,13
Ves	4	Patsp	0,49
Ves	4	Patsp	0,88
Ves	4	Patsp	1,29
Ves	4	Patsp	3,25
Ves	4	Patsp	3,95
Ves	5	Gumb	0,11
Ves	5	Gumb	0,21
Ves	5	Gumb	0,3
Ves	5	Gumb	0,35
Ves	5	Gumb	0,35
Ves	5	Gumb	0,36
Ves	5	Gumb	0,38
Ves	5	Gumb	0,4
Ves	5	Gumb	0,42
Ves	5	Gumb	0,42
Ves	5	Gumb	0,43
Ves	5	Gumb	0,44
Ves	5	Gumb	0,44
Ves	5	Gumb	0,44
Ves	5	Gumb	0,45
Ves	5	Gumb	0,48
Ves	5	Gumb	0,48
Ves	5	Gumb	0,48
Ves	5	Gumb	0,5
Ves	5	Gumb	0,51
Ves	5	Gumb	0,51
Ves	5	Gumb	0,51
Ves	5	Gumb	0,51
Ves	5	Gumb	0,52
Ves	5	Gumb	0,52
Ves	5	Gumb	0,53
Ves	5	Gumb	0,54
Ves	5	Gumb	0,55
Ves	5	Gumb	0,55
Ves	5	Gumb	0,56
Ves	5	Gumb	0,56
Ves	5	Gumb	0,57
Ves	5	Gumb	0,58
Ves	5	Gumb	0,58
Ves	5	Gumb	0,58
Ves	5	Gumb	0,59
Ves	5	Gumb	0,63
Ves	5	Gumb	0,64
Ves	5	Gumb	0,65
Ves	5	Gumb	0,66
Ves	5	Gumb	0,67
Ves	5	Gumb	0,67
Ves	5	Lralis	0,41
Ves	5	Lralis	0,53
Ves	5	Lralis	0,89
Ves	5	Lralis	0,93
Ves	5	Lralis	0,99
Ves	5	Lralis	1,02
Ves	5	Lralis	1,16
Ves	5	Lralis	1,3
Ves	5	Lrea	0,94
Ves	5	Lrea	1
Ves	5	Lrea	1,08
Ves	5	Lrea	1,33
Ves	5	Lrea	1,37
Ves	5	Lrea	1,41
Ves	5	Lrea	1,42
Ves	5	Lrea	1,42
Ves	5	Lrea	1,43
Ves	5	Lrea	1,44
Ves	5	Lrea	1,44
Ves	5	Lrea	1,45
Ves	5	Lrea	1,48
Ves	5	Lrea	1,51
Ves	5	Lrea	1,53
Ves	5	Lrea	1,56
Ves	5	Lrea	1,61
Ves	5	Lrea	1,62
Ves	5	Lrea	1,63
Ves	5	Lrea	1,64
Ves	5	Lrea	1,7
Ves	5	Lrea	1,71
Ves	5	Lrea	1,77
Ves	5	Lrea	1,8
Ves	5	Lrea	1,83
Ves	5	Lrea	1,84
Ves	5	Lrea	1,84
Ves	5	Lrea	1,86
Ves	5	Lrea	1,86
Ves	5	Lrea	1,91
Ves	5	Lrea	1,91
Ves	5	Lrea	1,97
Ves	5	Lrea	2,04
Ves	5	Lrea	2,05
Ves	5	Lrea	2,08
Ves	5	Lrea	2,16
Ves	5	Lrea	2,25
Ves	5	Lrea	2,29
Ves	5	Lrea	2,34
Ves	5	Lrea	2,35
Ves	5	Lrea	2,4
Ves	5	Lrea	2,7
Ves	5	Patsp	1,15
Ves	5	Patsp	2,29
Ves	5	Patsp	2,86
Ves	5	Patsp	2,92
Ves	5	Patsp	3,15
Ves	5	Patsp	3,99
Ves	5	Patsp	7,48
Ves	6	Lrea	1
Ves	6	Lrea	1,58
Ves	6	Lrea	2,09
Ves	6	Lrea	2,43
Ves	6	Lrea	2,52
Ves	6	Lrea	3,62
Ves	6	Nlap	1,75
Ves	6	Nlap	2,55
Ves	6	Nlap	2,67
Ves	6	Nlap	3,47
Ves	6	Nlap	4,37
Ves	6	Nlap	6,11
Ves	6	Patsp	3
Ves	6	Patsp	5,18
Ves	6	Patsp	28,8
Ves	7	Gumb	0,01
Ves	7	Gumb	0,05
Ves	7	Gumb	0,24
Ves	7	Gumb	0,33
Ves	7	Gumb	0,36
Ves	7	Gumb	0,42
Ves	7	Gumb	0,45
Ves	7	Gumb	0,48
Ves	7	Gumb	0,49
Ves	7	Gumb	0,49
Ves	7	Gumb	0,5
Ves	7	Gumb	0,51
Ves	7	Gumb	0,53
Ves	7	Gumb	0,64
Ves	7	Gumb	0,65
Ves	7	Gumb	0,76
Ves	7	Gumb	0,81
Ves	7	Lralis	1,01
Ves	7	Lralis	1,33
Ves	7	Lralis	1,34
Ves	7	Lralis	1,64
Ves	7	Lrea	1,03
Ves	7	Lrea	1,2
Ves	7	Lrea	1,22
Ves	7	Lrea	1,35
Ves	7	Lrea	1,44
Ves	7	Lrea	1,45
Ves	7	Lrea	1,46
Ves	7	Lrea	1,47
Ves	7	Lrea	1,47
Ves	7	Lrea	1,49
Ves	7	Lrea	1,52
Ves	7	Lrea	1,53
Ves	7	Lrea	1,54
Ves	7	Lrea	1,55
Ves	7	Lrea	1,56
Ves	7	Lrea	1,57
Ves	7	Lrea	1,59
Ves	7	Lrea	1,62
Ves	7	Lrea	1,65
Ves	7	Lrea	1,67
Ves	7	Lrea	1,7
Ves	7	Lrea	1,73
Ves	7	Lrea	1,74
Ves	7	Lrea	1,77
Ves	7	Lrea	1,77
Ves	7	Lrea	1,78
Ves	7	Lrea	1,9
Ves	7	Lrea	1,9
Ves	7	Lrea	1,9
Ves	7	Lrea	1,91
Ves	7	Lrea	1,91
Ves	7	Lrea	1,91
Ves	7	Lrea	1,92
Ves	7	Lrea	1,96
Ves	7	Lrea	1,96
Ves	7	Lrea	1,97
Ves	7	Lrea	2,03
Ves	7	Lrea	2,04
Ves	7	Lrea	2,08
Ves	7	Lrea	2,09
Ves	7	Lrea	2,13
Ves	7	Lrea	2,17
Ves	7	Lrea	2,18
Ves	7	Lrea	2,2
Ves	7	Lrea	2,3
Ves	7	Lrea	2,36
Ves	7	Lrea	2,37
Ves	7	Lrea	2,58
Ves	7	Patsp	0,04
Ves	7	Patsp	0,99
Ves	7	Patsp	2,63
Ves	7	Patsp	5,23
Ves	7	Patsp	5,99
Ves	7	Patsp	6,03
Ves	7	Patsp	6,32
Ves	7	Patsp	7,45
Ves	8	Gumb	0,31
Ves	8	Gumb	0,33
Ves	8	Gumb	0,34
Ves	8	Gumb	0,4
Ves	8	Gumb	0,41
Ves	8	Gumb	0,42
Ves	8	Gumb	0,43
Ves	8	Gumb	0,43
Ves	8	Gumb	0,43
Ves	8	Gumb	0,47
Ves	8	Gumb	0,49
Ves	8	Gumb	0,53
Ves	8	Gumb	0,55
Ves	8	Gumb	0,55
Ves	8	Gumb	0,61
Ves	8	Gumb	0,65
Ves	8	Lralis	0,99
Ves	8	Lralis	1,08
Ves	8	Lrea	0,08
Ves	8	Lrea	0,77
Ves	8	Lrea	1,22
Ves	8	Lrea	1,3
Ves	8	Lrea	1,35
Ves	8	Lrea	1,38
Ves	8	Lrea	1,4
Ves	8	Lrea	1,4
Ves	8	Lrea	1,44
Ves	8	Lrea	1,44
Ves	8	Lrea	1,48
Ves	8	Lrea	1,51
Ves	8	Lrea	1,52
Ves	8	Lrea	1,53
Ves	8	Lrea	1,54
Ves	8	Lrea	1,54
Ves	8	Lrea	1,55
Ves	8	Lrea	1,55
Ves	8	Lrea	1,56
Ves	8	Lrea	1,57
Ves	8	Lrea	1,58
Ves	8	Lrea	1,65
Ves	8	Lrea	1,67
Ves	8	Lrea	1,67
Ves	8	Lrea	1,68
Ves	8	Lrea	1,68
Ves	8	Lrea	1,7
Ves	8	Lrea	1,7
Ves	8	Lrea	1,71
Ves	8	Lrea	1,72
Ves	8	Lrea	1,73
Ves	8	Lrea	1,73
Ves	8	Lrea	1,73
Ves	8	Lrea	1,74
Ves	8	Lrea	1,74
Ves	8	Lrea	1,75
Ves	8	Lrea	1,77
Ves	8	Lrea	1,79
Ves	8	Lrea	1,79
Ves	8	Lrea	1,81
Ves	8	Lrea	1,81
Ves	8	Lrea	1,81
Ves	8	Lrea	1,82
Ves	8	Lrea	1,84
Ves	8	Lrea	1,85
Ves	8	Lrea	1,855
Ves	8	Lrea	1,86
Ves	8	Lrea	1,88
Ves	8	Lrea	1,89
Ves	8	Lrea	1,92
Ves	8	Lrea	1,93
Ves	8	Lrea	1,93
Ves	8	Lrea	1,94
Ves	8	Lrea	1,95
Ves	8	Lrea	1,96
Ves	8	Lrea	1,96
Ves	8	Lrea	1,98
Ves	8	Lrea	2
Ves	8	Lrea	2
Ves	8	Lrea	2,01
Ves	8	Lrea	2,01
Ves	8	Lrea	2,06
Ves	8	Lrea	2,25
Ves	8	Lrea	2,26
Ves	8	Lrea	2,27
Ves	8	Lrea	2,28
Ves	8	Lrea	2,3
Ves	8	Lrea	2,36
Ves	8	Lrea	2,43
Ves	8	Lrea	2,54
Ves	8	Lrea	2,57
Ves	8	Lrea	2,62
Ves	8	Nlap	0,67
Ves	8	Nlap	1,04
Ves	8	Nlap	1,07
Ves	8	Nlap	1,94
Ves	8	Nlap	2
Ves	8	Nlap	2,3
Ves	8	Nlap	2,4
Ves	8	Nlap	2,46
Ves	8	Nlap	2,62
Ves	8	Nlap	2,93
Ves	8	Patsp	0,56
Ves	8	Patsp	3,36
Ves	9	Gumb	0,09
Ves	9	Gumb	0,21
Ves	9	Gumb	0,34
Ves	9	Gumb	0,38
Ves	9	Gumb	0,4
Ves	9	Gumb	0,4
Ves	9	Gumb	0,42
Ves	9	Gumb	0,42
Ves	9	Gumb	0,45
Ves	9	Gumb	0,45
Ves	9	Gumb	0,46
Ves	9	Gumb	0,47
Ves	9	Gumb	0,47
Ves	9	Gumb	0,48
Ves	9	Gumb	0,48
Ves	9	Gumb	0,48
Ves	9	Gumb	0,5
Ves	9	Gumb	0,54
Ves	9	Gumb	0,55
Ves	9	Gumb	0,57
Ves	9	Gumb	0,57
Ves	9	Gumb	0,57
Ves	9	Gumb	0,58
Ves	9	Gumb	0,58
Ves	9	Gumb	0,6
Ves	9	Gumb	0,6
Ves	9	Gumb	0,61
Ves	9	Gumb	0,63
Ves	9	Gumb	0,63
Ves	9	Gumb	0,65
Ves	9	Gumb	0,66
Ves	9	Gumb	0,67
Ves	9	Gumb	0,68
Ves	9	Gumb	0,72
Ves	9	Gumb	0,75
Ves	9	Gumb	0,77
Ves	9	Gumb	0,79
Ves	9	Lralis	0,7
Ves	9	Lralis	0,92
Ves	9	Lralis	1
Ves	9	Lralis	1,11
Ves	9	Lralis	1,11
Ves	9	Lralis	1,12
Ves	9	Lralis	1,12
Ves	9	Lralis	1,13
Ves	9	Lralis	1,13
Ves	9	Lralis	1,35
Ves	9	Lrea	0,82
Ves	9	Lrea	1,05
Ves	9	Lrea	1,12
Ves	9	Lrea	1,13
Ves	9	Lrea	1,13
Ves	9	Lrea	1,26
Ves	9	Lrea	1,42
Ves	9	Lrea	1,6
Ves	9	Lrea	1,62
Ves	9	Lrea	1,66
Ves	9	Lrea	1,67
Ves	9	Lrea	1,71
Ves	9	Lrea	1,71
Ves	9	Lrea	1,72
Ves	9	Lrea	1,76
Ves	9	Lrea	1,76
Ves	9	Lrea	1,78
Ves	9	Lrea	1,81
Ves	9	Lrea	1,83
Ves	9	Lrea	1,84
Ves	9	Lrea	1,85
Ves	9	Lrea	1,86
Ves	9	Lrea	1,88
Ves	9	Lrea	1,88
Ves	9	Lrea	1,88
Ves	9	Lrea	1,9
Ves	9	Lrea	1,91
Ves	9	Lrea	1,91
Ves	9	Lrea	1,93
Ves	9	Lrea	1,98
Ves	9	Lrea	1,98
Ves	9	Lrea	1,99
Ves	9	Lrea	1,99
Ves	9	Lrea	2
Ves	9	Lrea	2,02
Ves	9	Lrea	2,02
Ves	9	Lrea	2,02
Ves	9	Lrea	2,03
Ves	9	Lrea	2,04
Ves	9	Lrea	2,04
Ves	9	Lrea	2,05
Ves	9	Lrea	2,07
Ves	9	Lrea	2,07
Ves	9	Lrea	2,11
Ves	9	Lrea	2,12
Ves	9	Lrea	2,14
Ves	9	Lrea	2,15
Ves	9	Lrea	2,15
Ves	9	Lrea	2,15
Ves	9	Lrea	2,15
Ves	9	Lrea	2,17
Ves	9	Lrea	2,18
Ves	9	Lrea	2,19
Ves	9	Lrea	2,2
Ves	9	Lrea	2,21
Ves	9	Lrea	2,22
Ves	9	Lrea	2,23
Ves	9	Lrea	2,23
Ves	9	Lrea	2,24
Ves	9	Lrea	2,25
Ves	9	Lrea	2,25
Ves	9	Lrea	2,27
Ves	9	Lrea	2,31
Ves	9	Lrea	2,31
Ves	9	Lrea	2,33
Ves	9	Lrea	2,34
Ves	9	Lrea	2,34
Ves	9	Lrea	2,35
Ves	9	Lrea	2,35
Ves	9	Lrea	2,36
Ves	9	Lrea	2,37
Ves	9	Lrea	2,38
Ves	9	Lrea	2,39
Ves	9	Lrea	2,4
Ves	9	Lrea	2,41
Ves	9	Lrea	2,41
Ves	9	Lrea	2,42
Ves	9	Lrea	2,44
Ves	9	Lrea	2,45
Ves	9	Lrea	2,46
Ves	9	Lrea	2,47
Ves	9	Lrea	2,47
Ves	9	Lrea	2,48
Ves	9	Lrea	2,49
Ves	9	Lrea	2,51
Ves	9	Lrea	2,53
Ves	9	Lrea	2,54
Ves	9	Lrea	2,54
Ves	9	Lrea	2,56
Ves	9	Lrea	2,56
Ves	9	Lrea	2,63
Ves	9	Lrea	2,68
Ves	9	Lrea	2,69
Ves	9	Lrea	2,71
Ves	9	Lrea	2,73
Ves	9	Lrea	2,74
Ves	9	Lrea	2,76
Ves	9	Lrea	2,76
Ves	9	Lrea	2,81
Ves	9	Lrea	2,85
Ves	9	Lrea	2,9
Ves	9	Lrea	2,91
Ves	9	Lrea	2,92
Ves	9	Lrea	2,96
Ves	9	Lrea	2,97
Ves	9	Lrea	2,97
Ves	9	Lrea	3
Ves	9	Lrea	3,02
Ves	9	Lrea	3,02
Ves	9	Lrea	3,04
Ves	9	Lrea	3,07
Ves	9	Lrea	3,15
Ves	9	Lrea	3,2
Ves	9	Lrea	3,4
Ves	9	Lrea	3,43
Ves	9	Nlap	2,7
Ves	9	Nlap	2,72
Ves	9	Nlap	4,64
Ves	9	Nlap	5,47
Ves	9	Patsp	0,45
Ves	9	Patsp	0,61
Ves	9	Patsp	1,02
Ves	9	Patsp	1,09
Ves	9	Patsp	1,41
Ves	10	Gumb	0,12
Ves	10	Gumb	0,17
Ves	10	Gumb	0,31
Ves	10	Gumb	0,34
Ves	10	Gumb	0,39
Ves	10	Gumb	0,39
Ves	10	Gumb	0,4
Ves	10	Gumb	0,41
Ves	10	Gumb	0,41
Ves	10	Gumb	0,44
Ves	10	Gumb	0,46
Ves	10	Gumb	0,5
Ves	10	Gumb	0,51
Ves	10	Gumb	0,52
Ves	10	Gumb	0,53
Ves	10	Gumb	0,53
Ves	10	Gumb	0,57
Ves	10	Gumb	0,58
Ves	10	Gumb	0,61
Ves	10	Gumb	0,62
Ves	10	Gumb	0,63
Ves	10	Gumb	0,63
Ves	10	Gumb	0,64
Ves	10	Gumb	0,64
Ves	10	Gumb	0,66
Ves	10	Gumb	0,67
Ves	10	Gumb	0,73
Ves	10	Gumb	0,83
Ves	10	Lralis	0,26
Ves	10	Lralis	0,38
Ves	10	Lralis	1,64
Ves	10	Lrea	1,51
Ves	10	Lrea	1,57
Ves	10	Lrea	1,63
Ves	10	Lrea	1,63
Ves	10	Lrea	1,72
Ves	10	Lrea	1,74
Ves	10	Lrea	1,75
Ves	10	Lrea	1,77
Ves	10	Lrea	1,8
Ves	10	Lrea	1,81
Ves	10	Lrea	1,84
Ves	10	Lrea	1,89
Ves	10	Lrea	1,92
Ves	10	Lrea	1,92
Ves	10	Lrea	1,92
Ves	10	Lrea	1,97
Ves	10	Lrea	2
Ves	10	Lrea	2,09
Ves	10	Lrea	2,11
Ves	10	Lrea	2,11
Ves	10	Lrea	2,12
Ves	10	Lrea	2,14
Ves	10	Lrea	2,14
Ves	10	Lrea	2,17
Ves	10	Lrea	2,2
Ves	10	Lrea	2,21
Ves	10	Lrea	2,22
Ves	10	Lrea	2,26
Ves	10	Lrea	2,27
Ves	10	Lrea	2,29
Ves	10	Lrea	2,3
Ves	10	Lrea	2,31
Ves	10	Lrea	2,31
Ves	10	Lrea	2,32
Ves	10	Lrea	2,32
Ves	10	Lrea	2,39
Ves	10	Lrea	2,4
Ves	10	Lrea	2,4
Ves	10	Lrea	2,41
Ves	10	Lrea	2,53
Ves	10	Lrea	2,56
Ves	10	Lrea	2,57
Ves	10	Lrea	2,59
Ves	10	Lrea	2,65
Ves	10	Lrea	2,66
Ves	10	Lrea	2,68
Ves	10	Lrea	2,68
Ves	10	Lrea	2,69
Ves	10	Lrea	2,72
Ves	10	Lrea	2,75
Ves	10	Lrea	2,8
Ves	10	Lrea	2,81
Ves	10	Lrea	2,86
Ves	10	Lrea	2,92
Ves	10	Lrea	2,95
Ves	10	Lrea	3,04
Ves	10	Lrea	3,25
Ves	10	Lrea	3,33
Ves	10	Patsp	0,79
Ves	10	Patsp	0,87
Ves	10	Patsp	1,53
Ves	10	Patsp	1,6
Ves	10	Patsp	2,63
Ves	10	Patsp	2,66
Ves	10	Patsp	4,18
Ves	10	Patsp	4,2
Ves	10	Patsp	8,04
Ves	10	Patsp	8,6
Ves	11	Gumb	0,22
Ves	11	Gumb	0,31
Ves	11	Gumb	0,33
Ves	11	Gumb	0,34
Ves	11	Gumb	0,36
Ves	11	Gumb	0,38
Ves	11	Gumb	0,4
Ves	11	Gumb	0,43
Ves	11	Gumb	0,45
Ves	11	Gumb	0,47
Ves	11	Gumb	0,48
Ves	11	Gumb	0,49
Ves	11	Gumb	0,52
Ves	11	Gumb	0,54
Ves	11	Gumb	0,54
Ves	11	Gumb	0,54
Ves	11	Gumb	0,56
Ves	11	Gumb	0,56
Ves	11	Gumb	0,57
Ves	11	Gumb	0,59
Ves	11	Gumb	0,6
Ves	11	Gumb	0,6
Ves	11	Gumb	0,6
Ves	11	Gumb	0,63
Ves	11	Gumb	0,66
Ves	11	Gumb	0,66
Ves	11	Gumb	0,66
Ves	11	Gumb	0,67
Ves	11	Gumb	0,72
Ves	11	Gumb	0,73
Ves	11	Gumb	0,73
Ves	11	Gumb	0,78
Ves	11	Gumb	0,78
Ves	11	Gumb	0,78
Ves	11	Gumb	0,79
Ves	11	Lrea	0,04
Ves	11	Lrea	0,12
Ves	11	Lrea	0,86
Ves	11	Lrea	1,07
Ves	11	Lrea	1,73
Ves	11	Lrea	1,84
Ves	11	Lrea	1,89
Ves	11	Lrea	2
Ves	11	Lrea	2,04
Ves	11	Lrea	2,16
Ves	11	Lrea	2,17
Ves	11	Lrea	2,18
Ves	11	Lrea	2,18
Ves	11	Lrea	2,19
Ves	11	Lrea	2,2
Ves	11	Lrea	2,21
Ves	11	Lrea	2,31
Ves	11	Lrea	2,36
Ves	11	Lrea	2,39
Ves	11	Lrea	2,4
Ves	11	Lrea	2,5
Ves	11	Lrea	2,67
Ves	11	Lrea	2,81
Ves	11	Lrea	2,91
Ves	11	Lrea	3,17
Ves	11	Patsp	0,33
Ves	11	Patsp	1,41
Ves	11	Patsp	1,82
Ves	11	Patsp	2,05
Ves	11	Patsp	2,88
Ves	11	Patsp	2,89
Ves	11	Patsp	4,49
Ves	12	Gumb	0,12
Ves	12	Gumb	0,14
Ves	12	Gumb	0,17
Ves	12	Gumb	0,34
Ves	12	Gumb	0,38
Ves	12	Gumb	0,38
Ves	12	Gumb	0,39
Ves	12	Gumb	0,41
Ves	12	Gumb	0,42
Ves	12	Gumb	0,43
Ves	12	Gumb	0,43
Ves	12	Gumb	0,43
Ves	12	Gumb	0,44
Ves	12	Gumb	0,45
Ves	12	Gumb	0,45
Ves	12	Gumb	0,46
Ves	12	Gumb	0,47
Ves	12	Gumb	0,49
Ves	12	Gumb	0,5
Ves	12	Gumb	0,5
Ves	12	Gumb	0,5
Ves	12	Gumb	0,52
Ves	12	Gumb	0,53
Ves	12	Gumb	0,53
Ves	12	Gumb	0,53
Ves	12	Gumb	0,55
Ves	12	Gumb	0,6
Ves	12	Gumb	0,61
Ves	12	Gumb	0,61
Ves	12	Gumb	0,62
Ves	12	Gumb	0,64
Ves	12	Gumb	0,64
Ves	12	Gumb	0,65
Ves	12	Gumb	0,65
Ves	12	Gumb	0,67
Ves	12	Gumb	0,69
Ves	12	Gumb	0,7
Ves	12	Gumb	0,73
Ves	12	Gumb	0,81
Ves	12	Lrea	0,56
Ves	12	Lrea	0,96
Ves	12	Lrea	1,07
Ves	12	Lrea	1,3
Ves	12	Lrea	1,41
Ves	12	Lrea	1,44
Ves	12	Lrea	1,49
Ves	12	Lrea	1,51
Ves	12	Lrea	1,53
Ves	12	Lrea	1,54
Ves	12	Lrea	1,59
Ves	12	Lrea	1,62
Ves	12	Lrea	1,63
Ves	12	Lrea	1,64
Ves	12	Lrea	1,65
Ves	12	Lrea	1,65
Ves	12	Lrea	1,68
Ves	12	Lrea	1,72
Ves	12	Lrea	1,72
Ves	12	Lrea	1,73
Ves	12	Lrea	1,73
Ves	12	Lrea	1,76
Ves	12	Lrea	1,83
Ves	12	Lrea	1,83
Ves	12	Lrea	1,84
Ves	12	Lrea	1,85
Ves	12	Lrea	1,86
Ves	12	Lrea	1,89
Ves	12	Lrea	1,9
Ves	12	Lrea	1,9
Ves	12	Lrea	1,9
Ves	12	Lrea	1,92
Ves	12	Lrea	1,93
Ves	12	Lrea	1,93
Ves	12	Lrea	1,94
Ves	12	Lrea	1,95
Ves	12	Lrea	1,96
Ves	12	Lrea	1,98
Ves	12	Lrea	1,98
Ves	12	Lrea	1,98
Ves	12	Lrea	2
Ves	12	Lrea	2,01
Ves	12	Lrea	2,01
Ves	12	Lrea	2,05
Ves	12	Lrea	2,11
Ves	12	Lrea	2,12
Ves	12	Lrea	2,15
Ves	12	Lrea	2,16
Ves	12	Lrea	2,17
Ves	12	Lrea	2,21
Ves	12	Lrea	2,22
Ves	12	Lrea	2,22
Ves	12	Lrea	2,22
Ves	12	Lrea	2,23
Ves	12	Lrea	2,25
Ves	12	Lrea	2,32
Ves	12	Lrea	2,37
Ves	12	Lrea	2,41
Ves	12	Lrea	2,44
Ves	12	Lrea	2,44
Ves	12	Lrea	2,46
Ves	12	Lrea	2,47
Ves	12	Lrea	2,48
Ves	12	Lrea	2,49
Ves	12	Lrea	2,51
Ves	12	Lrea	2,51
Ves	12	Lrea	2,51
Ves	12	Lrea	2,54
Ves	12	Lrea	2,63
Ves	12	Lrea	2,63
Ves	12	Lrea	2,66
Ves	12	Lrea	2,67
Ves	12	Lrea	2,88
Ves	12	Lrea	2,89
Ves	12	Lrea	2,91
Ves	12	Lrea	3,14
Ves	12	Lrea	3,41
Ves	12	Nlap	1,91
Ves	12	Nlap	2,1
Ves	12	Patsp	0,08
Ves	12	Patsp	0,12
Ves	12	Patsp	0,63
Ves	12	Patsp	0,66
Ves	12	Patsp	0,72
Ves	12	Patsp	0,81
Ves	12	Patsp	0,98
Ves	12	Patsp	1,17
Ves	12	Patsp	1,95
Ves	12	Patsp	2,27
Ves	12	Patsp	2,27
Ves	12	Patsp	2,29
Ves	12	Patsp	3,51
Ves	13	Gumb	0,12
Ves	13	Gumb	0,19
Ves	13	Gumb	0,4
Ves	13	Gumb	0,45
Ves	13	Gumb	0,46
Ves	13	Gumb	0,47
Ves	13	Gumb	0,47
Ves	13	Gumb	0,48
Ves	13	Gumb	0,49
Ves	13	Gumb	0,49
Ves	13	Gumb	0,53
Ves	13	Gumb	0,54
Ves	13	Gumb	0,54
Ves	13	Gumb	0,55
Ves	13	Gumb	0,57
Ves	13	Gumb	0,58
Ves	13	Gumb	0,6
Ves	13	Gumb	0,64
Ves	13	Gumb	0,67
Ves	13	Gumb	0,72
Ves	13	Gumb	0,74
Ves	13	Gumb	0,78
Ves	13	Gumb	0,84
Ves	13	Lralis	0,45
Ves	13	Lralis	1
Ves	13	Lralis	1,1
Ves	13	Lralis	1,1
Ves	13	Lralis	1,12
Ves	13	Lralis	1,15
Ves	13	Lralis	1,17
Ves	13	Lralis	1,24
Ves	13	Lralis	1,29
Ves	13	Lralis	1,37
Ves	13	Lrea	1,13
Ves	13	Lrea	1,3
Ves	13	Lrea	1,3
Ves	13	Lrea	1,32
Ves	13	Lrea	1,34
Ves	13	Lrea	1,36
Ves	13	Lrea	1,57
Ves	13	Lrea	1,59
Ves	13	Lrea	1,6
Ves	13	Lrea	1,63
Ves	13	Lrea	1,78
Ves	13	Lrea	1,81
Ves	13	Lrea	1,85
Ves	13	Lrea	1,9
Ves	13	Lrea	1,92
Ves	13	Lrea	1,92
Ves	13	Lrea	1,92
Ves	13	Lrea	1,96
Ves	13	Lrea	1,97
Ves	13	Lrea	2
Ves	13	Lrea	2,01
Ves	13	Lrea	2,03
Ves	13	Lrea	2,03
Ves	13	Lrea	2,04
Ves	13	Lrea	2,07
Ves	13	Lrea	2,08
Ves	13	Lrea	2,09
Ves	13	Lrea	2,1
Ves	13	Lrea	2,11
Ves	13	Lrea	2,2
Ves	13	Lrea	2,22
Ves	13	Lrea	2,26
Ves	13	Lrea	2,27
Ves	13	Lrea	2,34
Ves	13	Lrea	2,36
Ves	13	Lrea	2,37
Ves	13	Lrea	2,38
Ves	13	Lrea	2,44
Ves	13	Lrea	2,45
Ves	13	Lrea	2,47
Ves	13	Lrea	2,51
Ves	13	Lrea	2,53
Ves	13	Lrea	2,61
Ves	13	Lrea	2,78
Ves	13	Lrea	2,82
Ves	13	Nlap	1,83
Ves	13	Nlap	2,72
Ves	13	Nlap	2,91
Ves	13	Patsp	0,07
Ves	13	Patsp	0,14
Ves	13	Patsp	0,25
Ves	13	Patsp	0,94
Ves	13	Patsp	1,55
Ves	13	Patsp	1,59
Ves	13	Patsp	2
Ves	13	Patsp	2,72
Ves	13	Patsp	2,73
Ves	13	Patsp	2,9
Ves	13	Patsp	3,06
Ves	13	Patsp	3,53
Ves	13	Patsp	4,78
Ves	13	Patsp	7,83
Ves	14	Gumb	0,15
Ves	14	Gumb	0,17
Ves	14	Gumb	0,24
Ves	14	Gumb	0,25
Ves	14	Gumb	0,27
Ves	14	Gumb	0,29
Ves	14	Gumb	0,34
Ves	14	Gumb	0,36
Ves	14	Gumb	0,37
Ves	14	Gumb	0,43
Ves	14	Gumb	0,44
Ves	14	Gumb	0,45
Ves	14	Gumb	0,46
Ves	14	Gumb	0,46
Ves	14	Gumb	0,48
Ves	14	Gumb	0,49
Ves	14	Gumb	0,49
Ves	14	Gumb	0,5
Ves	14	Gumb	0,51
Ves	14	Gumb	0,52
Ves	14	Gumb	0,53
Ves	14	Gumb	0,54
Ves	14	Gumb	0,54
Ves	14	Gumb	0,55
Ves	14	Gumb	0,57
Ves	14	Gumb	0,58
Ves	14	Gumb	0,59
Ves	14	Gumb	0,6
Ves	14	Gumb	0,61
Ves	14	Gumb	0,61
Ves	14	Gumb	0,62
Ves	14	Gumb	0,63
Ves	14	Gumb	0,65
Ves	14	Gumb	0,65
Ves	14	Gumb	0,66
Ves	14	Gumb	0,67
Ves	14	Gumb	0,68
Ves	14	Gumb	0,69
Ves	14	Gumb	0,7
Ves	14	Gumb	0,72
Ves	14	Gumb	0,74
Ves	14	Gumb	0,76
Ves	14	Gumb	0,81
Ves	14	Lrea	1,33
Ves	14	Lrea	1,55
Ves	14	Lrea	1,56
Ves	14	Lrea	1,62
Ves	14	Lrea	1,73
Ves	14	Lrea	1,74
Ves	14	Lrea	1,75
Ves	14	Lrea	1,76
Ves	14	Lrea	1,76
Ves	14	Lrea	1,84
Ves	14	Lrea	1,86
Ves	14	Lrea	1,87
Ves	14	Lrea	1,87
Ves	14	Lrea	1,91
Ves	14	Lrea	1,91
Ves	14	Lrea	1,95
Ves	14	Lrea	1,98
Ves	14	Lrea	1,98
Ves	14	Lrea	2,01
Ves	14	Lrea	2,11
Ves	14	Lrea	2,13
Ves	14	Lrea	2,16
Ves	14	Lrea	2,16
Ves	14	Lrea	2,2
Ves	14	Lrea	2,22
Ves	14	Lrea	2,27
Ves	14	Lrea	2,31
Ves	14	Lrea	2,33
Ves	14	Lrea	2,48
Ves	14	Lrea	2,6
Ves	14	Lrea	2,61
Ves	14	Lrea	2,62
Ves	14	Lrea	2,62
Ves	14	Lrea	2,65
Ves	14	Lrea	2,66
Ves	14	Lrea	2,69
Ves	14	Lrea	2,74
Ves	14	Lrea	2,97
Ves	14	Lrea	3,23
Ves	14	Lsax	0,17
Ves	14	Lsax	0,66
Ves	14	Lsax	1,21
Ves	14	Nlap	3,84
Ves	14	Patsp	0,16
Ves	14	Patsp	0,31
Ves	14	Patsp	0,36
Ves	14	Patsp	1,22
Ves	14	Patsp	1,61
Ves	14	Patsp	1,74
Ves	14	Patsp	2,39
Ves	14	Patsp	3,44
Ves	14	Patsp	3,9
Ves	14	Patsp	4,06
Ves	14	Patsp	4,4
Ves	14	Patsp	4,58
Ves	14	Patsp	4,81
Ves	14	Patsp	5,02
Ves	14	Patsp	5,87
Ves	14	Patsp	6,95
Ves	14	Patsp	7,67
Ves	14	Patsp	9,83
Ves	14	Patsp	10
Ves	14	Patsp	10,65
